card_name,set_name,card_number,rarity,raw_price,psa10_chance,expected_profit,roi_pct
DARKRAI EX (FULL ART),XY - BREAKPOINT,118/122,ULTRA RARE,50.95,0.23,288.24,380
RAICHU BREAK,XY - BREAKTHROUGH,50/162,RARE BREAK,10.66,0.28,124.25,348
RAYQUAZA EX (75),XY - ROARING SKIES,75/108,ULTRA RARE,35.41,0.19,197.94,328
GIRATINA EX (93 FULL ART),XY - ANCIENT ORIGINS,93/98,ULTRA RARE,117.74,0.23,406.27,285
MEWTWO EX (157 FULL ART),XY - BREAKTHROUGH,157/162,ULTRA RARE,55.06,0.12,219.15,274
MEWTWO EX (158 FULL ART),XY - BREAKTHROUGH,158/162,ULTRA RARE,64.52,0.17,221.88,248
ESPEON EX (FULL ART),XY - BREAKPOINT,117/122,ULTRA RARE,72.44,0.21,236.37,243
AZ (117 FULL ART),XY - PHANTOM FORCES,117/119,ULTRA RARE,23.52,0.07,114.77,237
LUGIA EX (94 FULL ART),XY - ANCIENT ORIGINS,94/98,ULTRA RARE,204.38,0.16,537.98,235
LUGIA BREAK,XY - FATES COLLIDE,79/124,RARE BREAK,19.08,0.29,101.98,231
HOOPA EX,XY - ANCIENT ORIGINS,36/98,ULTRA RARE,4.76,0.49,67.51,227
KYUREM EX (86 FULL ART),XY - ANCIENT ORIGINS,86/98,ULTRA RARE,33.87,0.22,131.59,224
GENGAR,XY - BREAKTHROUGH,60/162,HOLO RARE,34.33,0.06,131.76,222
HOUNDOOM EX (FULL ART),XY - BREAKTHROUGH,153/162,ULTRA RARE,34.89,0.11,125.33,209
GYARADOS (21),XY - ANCIENT ORIGINS,21/98,HOLO RARE,56.31,0.07,168.74,208
HO-OH EX (FULL ART),XY - BREAKPOINT,121/122,ULTRA RARE,40.61,0.26,134.52,205
UMBREON EX (FULL ART),XY - FATES COLLIDE,119/124,ULTRA RARE,140.85,0.14,334.07,201
MANAPHY EX (FULL ART),XY - BREAKPOINT,116/122,ULTRA RARE,17.83,0.23,86.09,201
SCEPTILE EX (84 FULL ART),XY - ANCIENT ORIGINS,84/98,ULTRA RARE,54.35,0.22,159.27,201
ALAKAZAM EX (SECRET),XY - FATES COLLIDE,125/124,SECRET RARE,123.9,0.1,289.28,194
SCIZOR EX (FULL ART),XY - BREAKPOINT,119/122,ULTRA RARE,23.57,0.21,93.83,193
SURFING PIKACHU,XY - EVOLUTIONS,111/108,SECRET RARE,10.67,0.21,68.55,192
GENGAR EX (114 FULL ART),XY - PHANTOM FORCES,114/119,ULTRA RARE,720.05,0.07,1398.28,188
AMPHAROS EX (87 FULL ART),XY - ANCIENT ORIGINS,87/98,ULTRA RARE,33.36,0.18,106.21,182
ALAKAZAM EX (FULL ART),XY - FATES COLLIDE,117/124,ULTRA RARE,27.54,0.16,94.97,181
GRENINJA BREAK,XY - BREAKPOINT,41/122,RARE BREAK,18.43,0.22,76.83,177
M GYARADOS EX (FULL ART),XY - BREAKPOINT,115/122,ULTRA RARE,107.45,0.22,229.15,173
CHARIZARD EX - 125/197,SV03: OBSIDIAN FLAMES,125/197,DOUBLE RARE,6,0.51,51.95,168
MACHAMP EX (90 FULL ART),XY - ANCIENT ORIGINS,90/98,ULTRA RARE,25.98,0.2,84.79,166
CHARIZARD EX (100 FULL ART),XY - FLASHFIRE,100/106,ULTRA RARE,260.82,0.07,469.74,164
RAYQUAZA V (FULL ART),SWSH07: EVOLVING SKIES,193/203,ULTRA RARE,35.45,0.61,96.61,160
M SCEPTILE EX (85 FULL ART),XY - ANCIENT ORIGINS,85/98,ULTRA RARE,127.67,0.23,243.47,159
GENGAR EX,XY - PHANTOM FORCES,34/119,ULTRA RARE,72.89,0.43,155.92,159
GYARADOS EX (SECRET),XY - BREAKPOINT,123/122,SECRET RARE,166.02,0.17,301.87,158
M MEWTWO EX (159 FULL ART),XY - BREAKTHROUGH,159/162,ULTRA RARE,125.34,0.17,234.61,156
GENESECT EX (FULL ART),XY - FATES COLLIDE,120/124,ULTRA RARE,11.71,0.17,56.29,153
MEWTWO EX (FULL ART),XY - EVOLUTIONS,103/108,ULTRA RARE,39.8,0.27,97.01,150
MAUSHOLD EX - 233/182,SV04: PARADOX RIFT,233/182,ULTRA RARE,13.23,0.61,56.65,148
M RAYQUAZA EX (76),XY - ROARING SKIES,76/108,ULTRA RARE,72.39,0.11,142.51,146
M SCIZOR EX (FULL ART),XY - BREAKPOINT,120/122,ULTRA RARE,45.16,0.32,102.06,145
GYARADOS EX (FULL ART),XY - BREAKPOINT,114/122,ULTRA RARE,72.03,0.19,140.41,145
ANNIHILAPE EX - 242/193,SV02: PALDEA EVOLVED,242/193,ULTRA RARE,4.74,0.38,41.93,141
GARDEVOIR EX (SECRET),XY - STEAM SIEGE,116/114,SECRET RARE,87.97,0.21,159.24,141
VOLCANION EX (SECRET),XY - STEAM SIEGE,115/114,SECRET RARE,34.2,0.27,82.84,140
FLORGES EX (116 FULL ART),XY - PHANTOM FORCES,116/119,ULTRA RARE,19.73,0.1,62.14,139
HOOPA EX (89 FULL ART),XY - ANCIENT ORIGINS,89/98,ULTRA RARE,48.48,0.28,101.95,139
MEWTWO EX (61),XY - BREAKTHROUGH,61/162,ULTRA RARE,10.66,0.16,49.18,138
STEELIX EX (FULL ART),XY - STEAM SIEGE,108/114,ULTRA RARE,18.84,0.22,60.23,137
RAYQUAZA VMAX,SWSH07: EVOLVING SKIES,111/203,ULTRA RARE,12.97,0.64,51.75,136
GROUDON EX,XY - PRIMAL CLASH,85/160,ULTRA RARE,11.86,0.12,50.1,136
M HERACROSS EX,XY - FURIOUS FISTS,5/111,ULTRA RARE,17.83,0.1,57.67,135
ALTARIA EX (FULL ART),XY - FATES COLLIDE,123/124,ULTRA RARE,13.03,0.21,51.18,135
M GARDEVOIR EX (FULL ART),XY - STEAM SIEGE,112/114,ULTRA RARE,48.73,0.34,99.2,135
KINGDRA EX (FULL ART),XY - FATES COLLIDE,122/124,ULTRA RARE,17.1,0.16,56.15,133
M RAYQUAZA EX,CELEBRATIONS: CLASSIC COLLECTION,76/108,CLASSIC COLLECTION,41.36,0.7,88.4,133
M ALAKAZAM EX (FULL ART),XY - FATES COLLIDE,118/124,ULTRA RARE,79.69,0.21,138.3,132
POKEMON CENTER LADY (105 FULL ART),XY - FLASHFIRE,105/106,ULTRA RARE,58.5,0.07,108.61,130
GLACEON EX (FULL ART),XY - FATES COLLIDE,116/124,ULTRA RARE,30.58,0.18,71.72,129
M RAYQUAZA EX (61),XY - ROARING SKIES,61/108,ULTRA RARE,95.99,0.05,154.12,127
GENGAR,SWSH11: LOST ORIGIN TRAINER GALLERY,TG06/TG30,ULTRA RARE,55.86,0.28,100.67,125
M KANGASKHAN EX,XY - FLASHFIRE,79/106,ULTRA RARE,20.05,0.11,55.37,123
UMBREON STAR,CELEBRATIONS: CLASSIC COLLECTION,17/17,CLASSIC COLLECTION,89.03,0.56,138.67,122
M CHARIZARD EX (FULL ART),XY - EVOLUTIONS,101/108,ULTRA RARE,124.15,0.4,176.2,118
MEWTWO EX (62),XY - BREAKTHROUGH,62/162,ULTRA RARE,9.26,0.24,40.45,118
UMBREON EX,XY - FATES COLLIDE,55/124,ULTRA RARE,50.48,0.21,87.5,116
M RAYQUAZA EX (105 FULL ART),XY - ROARING SKIES,105/108,ULTRA RARE,334.67,0.03,416.93,116
M HERACROSS EX (SECRET),XY - FURIOUS FISTS,112/111,SECRET RARE,53.72,0.07,91.15,116
YVELTAL BREAK,XY - STEAM SIEGE,66/114,RARE BREAK,6.23,0.51,36.11,116
M AGGRON EX (154 FULL ART),XY - PRIMAL CLASH,154/160,ULTRA RARE,93.42,0.05,136.85,116
M LATIOS EX,XY - ROARING SKIES,59/108,ULTRA RARE,22.67,0.05,54.95,115
MEWTWO EX (164 SECRET FULL ART),XY - BREAKTHROUGH,164/162,SECRET RARE,163.1,0.08,216.7,115
M HOUNDOOM EX,XY - BREAKTHROUGH,22/162,ULTRA RARE,21.02,0.22,52.41,114
M ALTARIA EX (FULL ART),XY - FATES COLLIDE,121/124,ULTRA RARE,28.72,0.29,60.77,113
AGGRON EX (153 FULL ART),XY - PRIMAL CLASH,153/160,ULTRA RARE,35.72,0.05,68.27,112
MAGIKARP - 203/193,SV02: PALDEA EVOLVED,203/193,ILLUSTRATION RARE,387.29,0.17,454.63,110
M KANGASKHAN EX (109 SECRET RARE),XY - FLASHFIRE,109/106,SECRET RARE,52.3,0.06,85,110
M HOUNDOOM EX (FULL ART),XY - BREAKTHROUGH,154/162,ULTRA RARE,57.17,0.18,89.3,109
XEROSIC (119 FULL ART),XY - PHANTOM FORCES,119/119,ULTRA RARE,6.73,0.08,34.46,109
RAYQUAZA VMAX (101),SWSH: CROWN ZENITH,101/159,ULTRA RARE,9.23,0.71,37.02,108
PIKACHU V (FULL ART),SWSH09: BRILLIANT STARS,157/172,ULTRA RARE,30.53,0.53,59.62,107
SCEPTILE (OMEGA),XY - PRIMAL CLASH,9/160,HOLO RARE,12.28,0.09,39.79,107
RAYQUAZA VMAX (ALTERNATE ART SECRET),SWSH07: EVOLVING SKIES,218/203,SECRET RARE,838.18,0.69,911.61,106
M MEWTWO EX (160 FULL ART),XY - BREAKTHROUGH,160/162,ULTRA RARE,151.42,0.15,183.5,104
M MEWTWO EX (63),XY - BREAKTHROUGH,63/162,ULTRA RARE,33.07,0.15,60.02,103
M BLASTOISE EX (FULL ART),XY - EVOLUTIONS,102/108,ULTRA RARE,57.21,0.36,84.47,103
KYOGRE EX (148 FULL ART),XY - PRIMAL CLASH,148/160,ULTRA RARE,106.02,0.01,131.77,101
TYRANITAR EX (91 FULL ART),XY - ANCIENT ORIGINS,91/98,ULTRA RARE,106,0.2,130.53,100
PRIMAL KYOGRE EX (SHINY FULL ART),XY - ANCIENT ORIGINS,96/98,ULTRA RARE,280.34,0.11,300.56,98
GROUDON EX (150 FULL ART),XY - PRIMAL CLASH,150/160,ULTRA RARE,95.61,0.02,118.27,98
MEWTWO EX (163 SECRET FULL ART),XY - BREAKTHROUGH,163/162,SECRET RARE,156.1,0.08,175.1,97
RAYQUAZA,SWSH04: VIVID VOLTAGE,138/185,AMAZING RARE,28.43,0.55,51.42,96
JOLTEON EX,GENERATIONS,28/83,ULTRA RARE,24.9,0.16,47.89,96
TYRANITAR EX,XY - ANCIENT ORIGINS,42/98,ULTRA RARE,12.69,0.22,36.03,96
CHARMANDER,GENERATIONS: RADIANT COLLECTION,RC3/RC32,COMMON,20.18,0.07,43.09,95
ARTICUNO,GENERATIONS,25/83,HOLO RARE,37.12,0.07,58.39,94
GIRATINA EX,XY - ANCIENT ORIGINS,57/98,ULTRA RARE,22.06,0.28,44.13,94
RAYQUAZA EX (104 FULL ART),XY - ROARING SKIES,104/108,ULTRA RARE,148.26,0.02,161.18,93
RADIANT CHARIZARD,SWSH: CROWN ZENITH,020/159,RADIANT RARE,13.31,0.54,35.57,93
LATIOS EX (101 FULL ART),XY - ROARING SKIES,101/108,ULTRA RARE,64.85,0.04,82.94,92
M LATIOS EX (102 FULL ART),XY - ROARING SKIES,102/108,ULTRA RARE,104.24,0.03,118.91,92
VENUSAUR,CELEBRATIONS: CLASSIC COLLECTION,15/102,CLASSIC COLLECTION,12.13,0.61,34.16,92
HYDREIGON EX (103 FULL ART),XY - ROARING SKIES,103/108,ULTRA RARE,31.96,0.03,52.04,91
TEAM ROCKET'S HANDIWORK (FULL ART),XY - FATES COLLIDE,124/124,ULTRA RARE,24.29,0.18,44.74,91
M CHARIZARD EX (Y),XY - FLASHFIRE,13/106,ULTRA RARE,66.97,0.11,83.32,91
BLASTOISE,CELEBRATIONS: CLASSIC COLLECTION,2/102,CLASSIC COLLECTION,18.82,0.61,39.56,90
GYARADOS EX,XY - BREAKPOINT,26/122,ULTRA RARE,18.68,0.09,39.38,90
TOXICROAK EX (102 FULL ART),XY - FLASHFIRE,102/106,ULTRA RARE,20.97,0.05,41.19,90
M CHARIZARD EX (X),XY - FLASHFIRE,69/106,ULTRA RARE,276.14,0.21,268.83,89
GENGAR EX - 193/162,SV05: TEMPORAL FORCES,193/162,ULTRA RARE,66.04,0.44,80.61,89
M VENUSAUR EX (FULL ART),XY - EVOLUTIONS,100/108,ULTRA RARE,35.52,0.37,52.74,87
VAPOREON EX,GENERATIONS,24/83,ULTRA RARE,19.56,0.14,38.37,86
M TYRANITAR EX (92 FULL ART),XY - ANCIENT ORIGINS,92/98,ULTRA RARE,121.28,0.27,125.04,85
CHARIZARD EX,GENERATIONS,11/83,ULTRA RARE,22.05,0.1,40.07,85
PRIMAL GROUDON EX (SHINY FULL ART),XY - ANCIENT ORIGINS,97/98,ULTRA RARE,319.97,0.11,292.77,85
M CHARIZARD EX,GENERATIONS,12/83,ULTRA RARE,157.5,0.09,154.2,84
GENGAR VMAX,SWSH08: FUSION STRIKE,157/264,ULTRA RARE,47.92,0.59,60.44,83
CHARIZARD,SWSH11: LOST ORIGIN TRAINER GALLERY,TG03/TG30,ULTRA RARE,37.37,0.3,51.48,83
PRIMAL GROUDON EX (OMEGA),XY - PRIMAL CLASH,86/160,ULTRA RARE,41.21,0.07,54.61,82
MEW EX,CELEBRATIONS: CLASSIC COLLECTION,88/92,CLASSIC COLLECTION,20.34,0.61,37.39,82
PIKACHU VMAX,SWSH11: LOST ORIGIN TRAINER GALLERY,TG17/TG30,ULTRA RARE,100.65,0.64,102.86,82
LUGIA EX,XY - ANCIENT ORIGINS,68/98,ULTRA RARE,13.47,0.23,30.82,80
JOLTEON,SWSH09: BRILLIANT STARS TRAINER GALLERY,TG04/TG30,ULTRA RARE,17.93,0.27,34.36,80
SWAMPERT (ALPHA),XY - PRIMAL CLASH,36/160,HOLO RARE,27.22,0.06,41.65,80
M STEELIX EX (FULL ART),XY - STEAM SIEGE,109/114,ULTRA RARE,26.63,0.3,40.87,79
UMBREON VMAX,SWSH07: EVOLVING SKIES,095/203,ULTRA RARE,28.79,0.65,42.27,79
TATSUGIRI - 186/167,SV06: TWILIGHT MASQUERADE,186/167,ILLUSTRATION RARE,22.64,0.44,36.76,77
DARKRAI VSTAR,SWSH: CROWN ZENITH: GALARIAN GALLERY,GG50/GG70,ULTRA RARE,106.12,0.6,100.78,77
PIKACHU V,SWSH11: LOST ORIGIN TRAINER GALLERY,TG16/TG30,ULTRA RARE,122.64,0.52,112.76,76
LUGIA VSTAR (SECRET) (211),SWSH12: SILVER TEMPEST,211/195,SECRET RARE,24.93,0.66,37.76,76
DEOXYS VSTAR,SWSH: CROWN ZENITH: GALARIAN GALLERY,GG46/GG70,ULTRA RARE,50.22,0.55,56.74,75
M MEWTWO EX (64),XY - BREAKTHROUGH,64/162,ULTRA RARE,34.45,0.11,44.78,75
MAXIE'S HIDDEN BALL TRICK (158 FULL ART),XY - PRIMAL CLASH,158/160,ULTRA RARE,17.09,0.04,31.32,74
SHINING MAGIKARP,CELEBRATIONS: CLASSIC COLLECTION,66/64,CLASSIC COLLECTION,40.01,0.65,48.34,74
HISUIAN GROWLITHE - 181/167,SV06: TWILIGHT MASQUERADE,181/167,ILLUSTRATION RARE,29.12,0.46,40.08,74
ZAPDOS,GENERATIONS,29/83,HOLO RARE,37.11,0.05,45.98,74
CHANSEY - 187/167,SV06: TWILIGHT MASQUERADE,187/167,ILLUSTRATION RARE,53.18,0.46,57.57,74
LATIAS,SWSH: CROWN ZENITH: GALARIAN GALLERY,GG20/GG70,ULTRA RARE,18.34,0.3,31.79,73
M AMPHAROS EX (88 FULL ART),XY - ANCIENT ORIGINS,88/98,ULTRA RARE,76.77,0.22,74.65,73
CHARIZARD VSTAR,SWSH: CROWN ZENITH,019/159,ULTRA RARE,12.43,0.6,27.16,73
SKYLA,XY - BREAKPOINT,122/122,ULTRA RARE,56.09,0.25,58.55,72
GRENINJA EX - 198/167,SV06: TWILIGHT MASQUERADE,198/167,ULTRA RARE,15.78,0.4,29.42,72
SALAMENCE VMAX (SECRET),SWSH03: DARKNESS ABLAZE,194/189,SECRET RARE,14.17,0.79,28.11,72
CHARIZARD EX - 223/197,SV03: OBSIDIAN FLAMES,223/197,SPECIAL ILLUSTRATION RARE,112.78,0.24,98.57,72
GARDEVOIR EX (FULL ART),XY - STEAM SIEGE,111/114,ULTRA RARE,20.16,0.28,32.27,71
MEW VMAX (SECRET),SWSH08: FUSION STRIKE,268/264,SECRET RARE,87.79,0.62,80.51,71
CHARIZARD,CELEBRATIONS: CLASSIC COLLECTION,4/102,CLASSIC COLLECTION,197.23,0.6,158.55,71
LUGIA V (ALTERNATE FULL ART),SWSH12: SILVER TEMPEST,186/195,ULTRA RARE,469,0.55,352.03,71
GASTLY - 177/162,SV05: TEMPORAL FORCES,177/162,ILLUSTRATION RARE,118.69,0.36,101.94,71
CHARIZARD V,SWSH09: BRILLIANT STARS,017/172,ULTRA RARE,6.93,0.43,22.41,70
PIKACHU EX - 219/191,SV08: SURGING SPARKS,219/191,ULTRA RARE,30.54,0.43,38.98,70
CHARIZARD EX - 215/197,SV03: OBSIDIAN FLAMES,215/197,ULTRA RARE,20.54,0.39,31.85,70
M GLALIE EX (FULL ART),XY - BREAKTHROUGH,156/162,ULTRA RARE,20.7,0.11,31.71,69
MAGEARNA EX (FULL ART),XY - STEAM SIEGE,110/114,ULTRA RARE,8.81,0.29,23.27,69
ZEKROM,CELEBRATIONS: CLASSIC COLLECTION,114/114,CLASSIC COLLECTION,21.55,0.66,32.02,69
RAYQUAZA VMAX,SWSH12: SILVER TEMPEST TRAINER GALLERY,TG20/TG30,ULTRA RARE,189.43,0.74,146.13,68
PIKACHU EX - 247/191,SV08: SURGING SPARKS,247/191,HYPER RARE,81.72,0.38,72.34,68
GENGAR,GENERATIONS,35/83,HOLO RARE,31.77,0.02,38.04,67
MALAMAR EX (115 FULL ART),XY - PHANTOM FORCES,115/119,ULTRA RARE,19.33,0.07,29.64,67
CLEFFA - 202/197,SV03: OBSIDIAN FLAMES,202/197,ILLUSTRATION RARE,47.63,0.23,48.29,66
CHARIZARD EX,XY - EVOLUTIONS,12/108,ULTRA RARE,17.75,0.32,28.24,66
GROUDON - 199/182,SV04: PARADOX RIFT,199/182,ILLUSTRATION RARE,122.99,0.35,97.67,66
VOLCANION EX (FULL ART),XY - STEAM SIEGE,107/114,ULTRA RARE,8.38,0.28,21.88,66
LUGIA V (FULL ART),SWSH12: SILVER TEMPEST,185/195,ULTRA RARE,15.82,0.53,26.47,65
RAICHU V (FULL ART),SWSH09: BRILLIANT STARS,158/172,ULTRA RARE,6.11,0.53,20.16,65
GLALIE EX (FULL ART),XY - BREAKTHROUGH,155/162,ULTRA RARE,14.49,0.21,25.58,65
MEW V (ALTERNATE FULL ART),SWSH08: FUSION STRIKE,251/264,ULTRA RARE,100.56,0.43,80.71,64
GIRATINA V (FULL ART),SWSH11: LOST ORIGIN,185/196,ULTRA RARE,16.27,0.53,26.44,64
EEVEE,SWSH09: BRILLIANT STARS TRAINER GALLERY,TG11/TG30,ULTRA RARE,22.24,0.22,30.09,64
MANAPHY,SWSH: CROWN ZENITH: GALARIAN GALLERY,GG06/GG70,ULTRA RARE,5.98,0.36,19.44,63
MIMIKYU V,SWSH09: BRILLIANT STARS TRAINER GALLERY,TG16/TG30,ULTRA RARE,84.46,0.55,67.8,62
M TYRANITAR EX,XY - ANCIENT ORIGINS,43/98,ULTRA RARE,29.58,0.25,33.41,61
LEAFEON EX,GENERATIONS,10/83,ULTRA RARE,26.36,0.15,30.97,60
GLACEON EX,XY - FATES COLLIDE,20/124,ULTRA RARE,14.93,0.29,23.54,59
M ALAKAZAM EX,XY - FATES COLLIDE,26/124,ULTRA RARE,16.69,0.25,24.39,58
M AMPHAROS EX,XY - ANCIENT ORIGINS,28/98,ULTRA RARE,16.37,0.4,24.09,58
ETERNATUS VMAX,SWSH11: LOST ORIGIN TRAINER GALLERY,TG22/TG30,ULTRA RARE,10.5,0.7,20.56,58
PIKACHU (FULL ART),GENERATIONS: RADIANT COLLECTION,RC29/RC32,ULTRA RARE,119.75,0.05,82.95,57
RAYQUAZA VMAX (SECRET),SWSH07: EVOLVING SKIES,217/203,SECRET RARE,108.13,0.73,76.28,57
M GENGAR EX,XY - PHANTOM FORCES,35/119,ULTRA RARE,185.04,0.06,120.35,57
GYARADOS VMAX,SWSH07: EVOLVING SKIES,029/203,ULTRA RARE,8.53,0.61,18.74,56
FLAREON EX,GENERATIONS: RADIANT COLLECTION,RC6/RC32,ULTRA RARE,66.87,0.04,51.17,56
CHARIZARD VSTAR,SWSH09: BRILLIANT STARS,018/172,ULTRA RARE,11.58,0.52,20.33,56
ALTARIA EX - 253/182,SV04: PARADOX RIFT,253/182,SPECIAL ILLUSTRATION RARE,55.32,0.32,44.62,56
CHARIZARD EX - 228/197,SV03: OBSIDIAN FLAMES,228/197,HYPER RARE,44.82,0.28,37.59,54
SUICUNE V,SWSH: CROWN ZENITH: GALARIAN GALLERY,GG38/GG70,ULTRA RARE,66.42,0.56,48.76,53
DRAMPA - 184/162,SV05: TEMPORAL FORCES,184/162,ILLUSTRATION RARE,33.43,0.36,31.13,53
ZERAORA VSTAR,SWSH: CROWN ZENITH: GALARIAN GALLERY,GG43/GG70,ULTRA RARE,21.49,0.6,24.65,53
ESPEON VMAX (ALTERNATE ART SECRET),SWSH08: FUSION STRIKE,270/264,SECRET RARE,297.98,0.6,170.64,53
CHARIZARD V (FULL ART),SWSH09: BRILLIANT STARS,153/172,ULTRA RARE,41.98,0.53,35.2,53
PIKACHU,SWSH: CROWN ZENITH: GALARIAN GALLERY,GG30/GG70,ULTRA RARE,51.1,0.34,39.66,52
MEWTWO EX,CELEBRATIONS: CLASSIC COLLECTION,54/99,CLASSIC COLLECTION,15.01,0.64,20.81,52
MEWTWO EX,XY - EVOLUTIONS,52/108,ULTRA RARE,8.54,0.41,17.38,52
UMBREON EX - 161/131,SV: PRISMATIC EVOLUTIONS,161/131,SPECIAL ILLUSTRATION RARE,1457.82,0.32,764.29,52
GALLADE EX (99 FULL ART),XY - ROARING SKIES,99/108,ULTRA RARE,17.74,0.05,21.89,51
RESHIRAM,CELEBRATIONS: CLASSIC COLLECTION,113/114,CLASSIC COLLECTION,17.58,0.63,21.78,51
GIRATINA V (ALTERNATE FULL ART),SWSH11: LOST ORIGIN,186/196,ULTRA RARE,803.03,0.41,419.61,51
FLAREON,SWSH09: BRILLIANT STARS TRAINER GALLERY,TG01/TG30,ULTRA RARE,21.15,0.25,23.39,51
M GARDEVOIR EX (FULL ART),GENERATIONS: RADIANT COLLECTION,RC31/RC32,ULTRA RARE,97.73,0.05,61.77,50
MEW VMAX,SWSH08: FUSION STRIKE,114/264,ULTRA RARE,16.36,0.53,20.73,50
M BLASTOISE EX,XY - EVOLUTIONS,22/108,ULTRA RARE,20.45,0.34,22.43,49
CELEBI V (ALTERNATE FULL ART),SWSH08: FUSION STRIKE,245/264,ULTRA RARE,94.85,0.44,59.09,49
MANECTRIC EX (113 FULL ART),XY - PHANTOM FORCES,113/119,ULTRA RARE,18.73,0.07,21.37,49
SLAKOTH - 212/191,SV08: SURGING SPARKS,212/191,ILLUSTRATION RARE,12.03,0.32,18.08,49
M CHARIZARD EX (Y) (SECRET),XY - FLASHFIRE,107/106,SECRET RARE,262.83,0.05,140.45,49
INFERNAPE - 173/167,SV06: TWILIGHT MASQUERADE,173/167,ILLUSTRATION RARE,13.15,0.44,18.53,49
SCIZOR - 205/197,SV03: OBSIDIAN FLAMES,205/197,ILLUSTRATION RARE,17.79,0.16,20.76,49
PIKACHU EX - 238/191,SV08: SURGING SPARKS,238/191,SPECIAL ILLUSTRATION RARE,335.14,0.35,173.21,48
RAIKOU V,SWSH: CROWN ZENITH: GALARIAN GALLERY,GG41/GG70,ULTRA RARE,51.37,0.57,36.59,48
MEW VMAX (ALTERNATE ART SECRET),SWSH08: FUSION STRIKE,269/264,SECRET RARE,206.25,0.63,109.69,47
M SCEPTILE EX,XY - ANCIENT ORIGINS,8/98,ULTRA RARE,19.97,0.25,21.33,47
GLACEON VMAX (ALTERNATE ART SECRET),SWSH07: EVOLVING SKIES,209/203,SECRET RARE,274.02,0.71,140.58,47
LATIOS - 203/191,SV08: SURGING SPARKS,203/191,ILLUSTRATION RARE,34.66,0.3,27.99,47
NOIVERN V (ALTERNATE FULL ART),SWSH07: EVOLVING SKIES,196/203,ULTRA RARE,64.61,0.51,41.61,46
SPRIGATITO - 196/193,SV02: PALDEA EVOLVED,196/193,ILLUSTRATION RARE,54.44,0.23,36.81,46
CHARIZARD V,SWSH03: DARKNESS ABLAZE,019/189,ULTRA RARE,9.88,0.52,16.1,46
PIDGEOT EX (FULL ART),XY - EVOLUTIONS,104/108,ULTRA RARE,9.7,0.28,15.94,46
MEW (SECRET),CELEBRATIONS,025/025,SECRET RARE,72.81,0.73,44.88,46
M CHARIZARD EX,XY - EVOLUTIONS,13/108,ULTRA RARE,49.92,0.4,34.36,46
EEVEE - 188/167,SV06: TWILIGHT MASQUERADE,188/167,ILLUSTRATION RARE,87.4,0.43,51.1,45
BRUTE BONNET - 207/182,SV04: PARADOX RIFT,207/182,ILLUSTRATION RARE,12.63,0.41,16.97,45
LAPRAS,SWSH: CROWN ZENITH: GALARIAN GALLERY,GG05/GG70,ULTRA RARE,21.17,0.32,20.72,45
TYRANITAR - 222/193,SV02: PALDEA EVOLVED,222/193,ILLUSTRATION RARE,81.61,0.19,47.83,45
MEW V (FULL ART),SWSH08: FUSION STRIKE,250/264,ULTRA RARE,32.14,0.49,25.62,45
RAIHAN (SECRET),SWSH07: EVOLVING SKIES,224/203,SECRET RARE,5.5,0.57,13.62,45
GOUGING FIRE EX - 204/162,SV05: TEMPORAL FORCES,204/162,SPECIAL ILLUSTRATION RARE,36.1,0.47,27.21,45
ALOLAN DUGTRIO - 208/191,SV08: SURGING SPARKS,208/191,ILLUSTRATION RARE,7.91,0.34,14.64,44
REGIDRAGO V (ALTERNATE FULL ART),SWSH12: SILVER TEMPEST,184/195,ULTRA RARE,23.38,0.68,21.23,44
M CHARIZARD EX (X) (SECRET),XY - FLASHFIRE,108/106,SECRET RARE,804.95,0.06,356.79,43
GYARADOS VMAX (SECRET),SWSH07: EVOLVING SKIES,207/203,SECRET RARE,45.95,0.71,30.45,43
SYLVEON EX (FULL ART),GENERATIONS: RADIANT COLLECTION,RC32/RC32,ULTRA RARE,140.67,0.03,70.82,43
GROTLE - 164/162,SV05: TEMPORAL FORCES,164/162,ILLUSTRATION RARE,16.2,0.44,17.47,42
CHARIZARD V (ALTERNATE FULL ART),SWSH09: BRILLIANT STARS,154/172,ULTRA RARE,344.68,0.5,154.32,42
PROFESSOR SYCAMORE,XY - STEAM SIEGE,114/114,ULTRA RARE,10.48,0.32,14.77,42
KYUREM EX,XY - ANCIENT ORIGINS,25/98,ULTRA RARE,4.42,0.38,12.22,42
REGIGIGAS VSTAR,SWSH: CROWN ZENITH: GALARIAN GALLERY,GG55/GG70,ULTRA RARE,21.68,0.62,19.32,41
JOLTEON VMAX,SWSH07: EVOLVING SKIES,051/203,ULTRA RARE,13,0.62,15.63,41
SUDOWOODO - 219/193,SV02: PALDEA EVOLVED,219/193,ILLUSTRATION RARE,22.93,0.23,19.67,41
MISTY'S DETERMINATION (FULL ART),XY - EVOLUTIONS,108/108,ULTRA RARE,32.49,0.26,23.49,41
M VENUSAUR EX,GENERATIONS,2/83,ULTRA RARE,24.23,0.17,20.1,41
GLOOM - 198/197,SV03: OBSIDIAN FLAMES,198/197,ILLUSTRATION RARE,28.92,0.21,21.84,41
BLAZIKEN VMAX,SWSH12: SILVER TEMPEST TRAINER GALLERY,TG15/TG30,ULTRA RARE,37.73,0.73,25.28,40
M RAYQUAZA EX (SHINY FULL ART),XY - ANCIENT ORIGINS,98/98,ULTRA RARE,954.75,0.1,393.84,40
HO-OH V (FULL ART),SWSH12: SILVER TEMPEST,187/195,ULTRA RARE,7.48,0.59,12.97,40
ROARING MOON EX - 251/182,SV04: PARADOX RIFT,251/182,SPECIAL ILLUSTRATION RARE,40.63,0.36,25.97,40
PIKACHU,SWSH11: LOST ORIGIN TRAINER GALLERY,TG05/TG30,ULTRA RARE,61.3,0.24,33.7,39
ESPEON EX - 155/131,SV: PRISMATIC EVOLUTIONS,155/131,SPECIAL ILLUSTRATION RARE,300.9,0.29,127.13,39
WINONA (108 FULL ART),XY - ROARING SKIES,108/108,ULTRA RARE,35.72,0.03,23.66,39
UMBREON VMAX (SECRET),SWSH07: EVOLVING SKIES,214/203,SECRET RARE,71.05,0.72,37.37,39
SUICUNE V (FULL ART),SWSH07: EVOLVING SKIES,173/203,ULTRA RARE,6.87,0.61,12.36,39
UMBREON V (ALTERNATE FULL ART),SWSH07: EVOLVING SKIES,189/203,ULTRA RARE,352.69,0.44,145.95,39
FURISODE GIRL (FULL ART),SWSH12: SILVER TEMPEST,190/195,ULTRA RARE,5.15,0.54,11.63,39
GHOLDENGO EX - 252/182,SV04: PARADOX RIFT,252/182,SPECIAL ILLUSTRATION RARE,26.31,0.37,19.76,39
FRIGIBAX - 208/193,SV02: PALDEA EVOLVED,208/193,ILLUSTRATION RARE,19.92,0.19,17.21,38
THUNDURUS EX (98 FULL ART),XY - ROARING SKIES,98/108,ULTRA RARE,14.87,0.06,15.24,38
PIKACHU VMAX,SWSH04: VIVID VOLTAGE,044/185,ULTRA RARE,12.18,0.62,14.08,38
M GYARADOS EX,XY - BREAKPOINT,27/122,ULTRA RARE,43.31,0.11,25.86,38
CHARIZARD,XY - EVOLUTIONS,11/108,HOLO RARE,85.8,0.02,41.9,38
POKEMON FAN CLUB (106 FULL ART),XY - FLASHFIRE,106/106,ULTRA RARE,25.18,0.05,18.93,38
M PIDGEOT EX (FULL ART),XY - EVOLUTIONS,105/108,ULTRA RARE,14.01,0.39,14.71,38
RAYQUAZA V (ALTERNATE FULL ART),SWSH07: EVOLVING SKIES,194/203,ULTRA RARE,345.21,0.51,138.77,37
GARBODOR - 204/182,SV04: PARADOX RIFT,204/182,ILLUSTRATION RARE,15.19,0.41,15.02,37
M STEELIX EX,XY - STEAM SIEGE,68/114,ULTRA RARE,10.88,0.39,13.37,37
M GARDEVOIR EX,XY - STEAM SIEGE,79/114,ULTRA RARE,21.39,0.35,17.23,37
TEAM MAGMA'S GROUDON,CELEBRATIONS: CLASSIC COLLECTION,9/95,CLASSIC COLLECTION,1.66,0.5,9.78,37
MORTY'S CONVICTION - 211/162,SV05: TEMPORAL FORCES,211/162,SPECIAL ILLUSTRATION RARE,78.66,0.43,37.81,36
UMBREON V (FULL ART),SWSH07: EVOLVING SKIES,188/203,ULTRA RARE,53.03,0.37,28.42,36
FLAREON EX - 146/131,SV: PRISMATIC EVOLUTIONS,146/131,SPECIAL ILLUSTRATION RARE,190.1,0.32,77.97,36
METAGROSS - 178/162,SV05: TEMPORAL FORCES,178/162,ILLUSTRATION RARE,36.54,0.44,22.08,36
PIKACHU EX - 057/191,SV08: SURGING SPARKS,057/191,DOUBLE RARE,4.72,0.45,10.62,36
MEWTWO VSTAR,SWSH: CROWN ZENITH: GALARIAN GALLERY,GG44/GG70,ULTRA RARE,294.31,0.58,114.08,36
CHARMELEON,GENERATIONS: RADIANT COLLECTION,RC4/RC32,COMMON,14.42,0.07,14.02,36
LUGIA VSTAR,SWSH12: SILVER TEMPEST,139/195,ULTRA RARE,5.88,0.56,10.87,35
JIRACHI,GENERATIONS: RADIANT COLLECTION,RC13/RC32,UNCOMMON,18.82,0.04,15.4,35
ORIGIN FORME PALKIA VSTAR (SECRET),SWSH: CROWN ZENITH: GALARIAN GALLERY,GG67/GG70,SECRET RARE,107.75,0.54,46.12,35
MIMIKYU VMAX,SWSH09: BRILLIANT STARS TRAINER GALLERY,TG17/TG30,ULTRA RARE,72.56,0.7,33.81,35
DEOXYS VMAX,SWSH: CROWN ZENITH: GALARIAN GALLERY,GG45/GG70,ULTRA RARE,80.63,0.78,36.25,34
CHARIZARD VMAX,SWSH03: DARKNESS ABLAZE,020/189,ULTRA RARE,53.44,0.7,26.89,34
M GLALIE EX,XY - BREAKTHROUGH,35/162,ULTRA RARE,8.23,0.21,11.38,34
HERACROSS - 194/193,SV02: PALDEA EVOLVED,194/193,ILLUSTRATION RARE,26.61,0.21,17.67,34
CHANDELURE VMAX (SECRET),SWSH08: FUSION STRIKE,265/264,SECRET RARE,8.03,0.64,11.22,34
GRENINJA EX - 214/167,SV06: TWILIGHT MASQUERADE,214/167,SPECIAL ILLUSTRATION RARE,362.28,0.46,129.87,34
GIRATINA VSTAR (212) (SECRET),SWSH11: LOST ORIGIN,212/196,SECRET RARE,18.13,0.54,14.46,34
BLASTOISE EX,XY - EVOLUTIONS,21/108,ULTRA RARE,6.42,0.31,10.52,33
AERODACTYL VSTAR (SECRET),SWSH11: LOST ORIGIN,199/196,SECRET RARE,13.83,0.56,12.87,33
SERENA (FULL ART),SWSH12: SILVER TEMPEST,193/195,ULTRA RARE,14.19,0.54,12.93,33
PALAFIN EX,SV: PRISMATIC EVOLUTIONS,151/131,SPECIAL ILLUSTRATION RARE,43.51,0.4,22.53,33
STEELIX - 208/182,SV04: PARADOX RIFT,208/182,ILLUSTRATION RARE,35.41,0.44,19.66,33
IRON CROWN EX - 206/162,SV05: TEMPORAL FORCES,206/162,SPECIAL ILLUSTRATION RARE,45.71,0.49,22.97,32
ZAMAZENTA V,SWSH: CROWN ZENITH: GALARIAN GALLERY,GG54/GG70,ULTRA RARE,20.99,0.63,14.78,32
FUECOCO - 201/193,SV02: PALDEA EVOLVED,201/193,ILLUSTRATION RARE,50.65,0.2,24.24,32
DURALUDON VMAX (ALTERNATE ART SECRET),SWSH07: EVOLVING SKIES,220/203,SECRET RARE,19.92,0.72,14.35,32
MAWILE V,SWSH12: SILVER TEMPEST TRAINER GALLERY,TG17/TG30,ULTRA RARE,11.38,0.68,11.57,32
M LUCARIO EX,XY - FURIOUS FISTS,55/111,ULTRA RARE,51.43,0.09,24.23,32
UMBREON VMAX (ALTERNATE ART SECRET),SWSH07: EVOLVING SKIES,215/203,SECRET RARE,2158.96,0.7,686.37,31
BRIGETTE (FULL ART),XY - BREAKTHROUGH,161/162,ULTRA RARE,33.09,0.11,18.05,31
SYLVEON VMAX (SECRET),SWSH07: EVOLVING SKIES,211/203,SECRET RARE,53.48,0.68,24.07,31
CHARIZARD VSTAR (SECRET),SWSH09: BRILLIANT STARS,174/172,SECRET RARE,79.92,0.53,32.14,31
GIRATINA VSTAR (SECRET),SWSH: CROWN ZENITH: GALARIAN GALLERY,GG69/GG70,SECRET RARE,259.5,0.55,87.01,31
GYARADOS V (FULL ART),SWSH07: EVOLVING SKIES,171/203,ULTRA RARE,19.25,0.54,13.4,30
DRAGONITE V (FULL ART),SWSH07: EVOLVING SKIES,191/203,ULTRA RARE,34.64,0.44,17.99,30
ALTARIA,SWSH: CROWN ZENITH: GALARIAN GALLERY,GG19/GG70,ULTRA RARE,12.52,0.35,11.31,30
SCIZOR VMAX (SECRET),SWSH03: DARKNESS ABLAZE,193/189,SECRET RARE,10.97,0.78,10.72,30
AEGISLASH - 210/182,SV04: PARADOX RIFT,210/182,ILLUSTRATION RARE,9.8,0.36,10.34,30
SIMISEAR VSTAR,SWSH: CROWN ZENITH: GALARIAN GALLERY,GG37/GG70,ULTRA RARE,34.46,0.55,17.43,29
GENESECT V (ALTERNATE FULL ART),SWSH08: FUSION STRIKE,255/264,ULTRA RARE,29.08,0.46,15.77,29
ARBOK - 176/162,SV05: TEMPORAL FORCES,176/162,ILLUSTRATION RARE,21.69,0.48,13.62,29
M LUCARIO EX (SECRET),XY - FURIOUS FISTS,113/111,SECRET RARE,161.54,0.07,52.74,28
SYLVEON EX,GENERATIONS: RADIANT COLLECTION,RC21/RC32,ULTRA RARE,71.04,0.04,27.08,28
CHARIZARD,GENERATIONS: RADIANT COLLECTION,RC5/RC32,UNCOMMON,41.78,0.05,18.63,28
ARCEUS VSTAR (SECRET),SWSH: CROWN ZENITH: GALARIAN GALLERY,GG70/GG70,SECRET RARE,178.76,0.58,56.16,28
PINSIR - 168/167,SV06: TWILIGHT MASQUERADE,168/167,ILLUSTRATION RARE,14.12,0.48,10.77,28
MAUSHOLD - 226/193,SV02: PALDEA EVOLVED,226/193,ILLUSTRATION RARE,98.38,0.14,33.2,27
BLITZLE - 195/182,SV04: PARADOX RIFT,195/182,ILLUSTRATION RARE,7.9,0.41,8.79,27
KANGASKHAN EX (103 FULL ART),XY - FLASHFIRE,103/106,ULTRA RARE,34.29,0.04,15.84,27
EXCADRILL - 174/162,SV05: TEMPORAL FORCES,174/162,ILLUSTRATION RARE,8.18,0.55,8.76,26
RAGING BOLT EX - 208/162,SV05: TEMPORAL FORCES,208/162,SPECIAL ILLUSTRATION RARE,68.4,0.44,24.36,26
PIDGEY - 207/197,SV03: OBSIDIAN FLAMES,207/197,ILLUSTRATION RARE,19.06,0.25,11.49,26
GARCHOMP EX - 245/182,SV04: PARADOX RIFT,245/182,SPECIAL ILLUSTRATION RARE,38.34,0.32,16.5,26
PERRIN - 209/167,SV06: TWILIGHT MASQUERADE,209/167,ULTRA RARE,5.19,0.47,7.8,26
ZACIAN V,SWSH: CROWN ZENITH: GALARIAN GALLERY,GG48/GG70,ULTRA RARE,28.16,0.59,13.65,26
HOOPA V,SWSH: CROWN ZENITH: GALARIAN GALLERY,GG53/GG70,ULTRA RARE,10.65,0.65,9.13,26
LUCARIO EX,XY - FURIOUS FISTS,54/111,ULTRA RARE,10.25,0.12,8.93,25
LEAFEON EX - 144/131,SV: PRISMATIC EVOLUTIONS,144/131,SPECIAL ILLUSTRATION RARE,320.17,0.35,87.39,25
VAPOREON V (FULL ART),SWSH07: EVOLVING SKIES,172/203,ULTRA RARE,22.26,0.57,11.85,25
BLASTOISE EX,GENERATIONS,17/83,ULTRA RARE,13.83,0.13,9.72,25
DRAGONITE V (ALTERNATE FULL ART),SWSH07: EVOLVING SKIES,192/203,ULTRA RARE,443.02,0.51,117.14,25
YVELTAL - 205/182,SV04: PARADOX RIFT,205/182,ILLUSTRATION RARE,24.17,0.38,12.31,25
LUXRAY GL LV.X,CELEBRATIONS: CLASSIC COLLECTION,109/111,CLASSIC COLLECTION,3.89,0.62,7.18,25
SAWSBUCK - 166/162,SV05: TEMPORAL FORCES,166/162,ILLUSTRATION RARE,55.11,0.38,19.79,25
DRAGONITE EX (FULL ART),XY - EVOLUTIONS,106/108,ULTRA RARE,49.21,0.11,18.26,25
LEAFEON VMAX (SECRET),SWSH07: EVOLVING SKIES,204/203,SECRET RARE,33.37,0.73,14.32,25
BLAZIKEN V,SWSH12: SILVER TEMPEST TRAINER GALLERY,TG14/TG30,ULTRA RARE,30.03,0.67,13.46,24
STEVEN (FULL ART),XY - ANCIENT ORIGINS,95/98,ULTRA RARE,37.67,0.26,15.32,24
LECHONK - 209/197,SV03: OBSIDIAN FLAMES,209/197,ILLUSTRATION RARE,13.58,0.23,9.38,24
ORBEETLE VMAX,SWSH11: LOST ORIGIN TRAINER GALLERY,TG13/TG30,ULTRA RARE,10.13,0.67,8.48,24
PIDGEOTTO - 208/197,SV03: OBSIDIAN FLAMES,208/197,ILLUSTRATION RARE,11.63,0.2,8.81,24
ARCEUS VSTAR (SECRET) (176),SWSH09: BRILLIANT STARS,176/172,SECRET RARE,15.09,0.56,9.56,24
LEAFEON VSTAR,SWSH: CROWN ZENITH: GALARIAN GALLERY,GG35/GG70,ULTRA RARE,82.6,0.58,25.61,24
HISUIAN ZOROARK VSTAR,SWSH: CROWN ZENITH: GALARIAN GALLERY,GG56/GG70,ULTRA RARE,45,0.62,16.49,24
LUGIA VSTAR (SECRET) (202),SWSH12: SILVER TEMPEST,202/195,SECRET RARE,36.78,0.51,14.49,23
LUMINEON V,SWSH: CROWN ZENITH: GALARIAN GALLERY,GG39/GG70,ULTRA RARE,20.39,0.6,10.6,23
BROCK'S GRIT (FULL ART),XY - EVOLUTIONS,107/108,ULTRA RARE,8.72,0.29,7.87,23
ESPEON EX,XY - BREAKPOINT,52/122,ULTRA RARE,25.26,0.12,11.69,23
FLAREON EX (FULL ART),GENERATIONS: RADIANT COLLECTION,RC28/RC32,ULTRA RARE,158.39,0.03,42.03,23
GARDEVOIR EX (DELTA SPECIES),CELEBRATIONS: CLASSIC COLLECTION,93/101,CLASSIC COLLECTION,9.31,0.66,7.82,23
PLUSLE - 193/182,SV04: PARADOX RIFT,193/182,ILLUSTRATION RARE,51.01,0.37,17.23,23
DURALUDON V (ALTERNATE FULL ART),SWSH07: EVOLVING SKIES,198/203,ULTRA RARE,17.09,0.59,9.42,22
HATTERENE VMAX,SWSH: CROWN ZENITH: GALARIAN GALLERY,GG47/GG70,ULTRA RARE,7.19,0.78,7.17,22
IRON VALIANT EX - 249/182,SV04: PARADOX RIFT,249/182,SPECIAL ILLUSTRATION RARE,22.91,0.4,10.65,22
RAYQUAZA EX (60),XY - ROARING SKIES,60/108,ULTRA RARE,20.39,0.08,10.08,22
ZERAORA VMAX,SWSH: CROWN ZENITH: GALARIAN GALLERY,GG42/GG70,ULTRA RARE,25.27,0.77,11.05,22
JOLTEON EX - 153/131,SV: PRISMATIC EVOLUTIONS,153/131,SPECIAL ILLUSTRATION RARE,195.26,0.3,48.27,22
MORPEKO - 206/182,SV04: PARADOX RIFT,206/182,ILLUSTRATION RARE,34.85,0.4,13.11,22
GIMMIGHOUL - 198/182,SV04: PARADOX RIFT,198/182,ILLUSTRATION RARE,14.38,0.42,8.61,22
TING-LU EX - 263/193,SV02: PALDEA EVOLVED,263/193,SPECIAL ILLUSTRATION RARE,11.4,0.57,7.93,22
PORYGON-Z - 214/182,SV04: PARADOX RIFT,214/182,ILLUSTRATION RARE,11.72,0.42,7.89,21
VAPOREON VMAX,SWSH07: EVOLVING SKIES,030/203,ULTRA RARE,9.85,0.64,7.48,21
JOLTEON V (FULL ART),SWSH07: EVOLVING SKIES,177/203,ULTRA RARE,19.63,0.5,9.53,21
FEEBAS - 198/191,SV08: SURGING SPARKS,198/191,ILLUSTRATION RARE,8.2,0.38,7.08,21
GIRATINA VSTAR (201) (SECRET),SWSH11: LOST ORIGIN,201/196,SECRET RARE,26.71,0.54,10.93,21
LEAFEON VMAX,SWSH07: EVOLVING SKIES,008/203,ULTRA RARE,8.7,0.57,7.07,21
SYLVEON VMAX (ALTERNATE ART SECRET),SWSH07: EVOLVING SKIES,212/203,SECRET RARE,371.86,0.72,82.09,21
SYLVEON V (ALTERNATE FULL ART),SWSH07: EVOLVING SKIES,184/203,ULTRA RARE,151.95,0.52,36.35,21
VAPOREON EX - 149/131,SV: PRISMATIC EVOLUTIONS,149/131,SPECIAL ILLUSTRATION RARE,268.98,0.26,60.32,21
SYLVEON VMAX,SWSH07: EVOLVING SKIES,075/203,ULTRA RARE,16.85,0.64,8.4,20
BUTTERFREE VMAX (SECRET),SWSH03: DARKNESS ABLAZE,190/189,SECRET RARE,19.28,0.76,8.84,20
SLOWKING EX - 238/193,SV02: PALDEA EVOLVED,238/193,ULTRA RARE,5.56,0.45,6.06,20
RESHIRAM V (FULL ART),SWSH12: SILVER TEMPEST,172/195,ULTRA RARE,6.42,0.6,6.19,20
FLAMIGO - 227/193,SV02: PALDEA EVOLVED,227/193,ILLUSTRATION RARE,10.69,0.22,7,20
M GENGAR EX (121 SECRET RARE),XY - PHANTOM FORCES,121/119,SECRET RARE,528.53,0.04,108.52,20
EEVEE EX - 167/131,SV: PRISMATIC EVOLUTIONS,167/131,SPECIAL ILLUSTRATION RARE,181.4,0.3,40.1,19
KYOGRE EX,XY - PRIMAL CLASH,54/160,ULTRA RARE,18.54,0.12,8.39,19
LATIAS EX - 239/191,SV08: SURGING SPARKS,239/191,SPECIAL ILLUSTRATION RARE,178.3,0.35,39.04,19
LEAFEON VMAX (ALTERNATE ART SECRET),SWSH07: EVOLVING SKIES,205/203,SECRET RARE,353.7,0.71,71.03,19
RAPID STRIKE URSHIFU VMAX,SWSH09: BRILLIANT STARS TRAINER GALLERY,TG21/TG30,ULTRA RARE,10.61,0.73,6.67,19
CRESSELIA (SECRET),SWSH07: EVOLVING SKIES,228/203,SECRET RARE,12.32,0.57,6.93,19
GALARIAN ZAPDOS V (SECRET),SWSH09: BRILLIANT STARS,182/172,SECRET RARE,13.04,0.53,6.97,18
ARCEUS V (ALTERNATE FULL ART),SWSH09: BRILLIANT STARS,166/172,ULTRA RARE,58.03,0.55,14.88,18
CORVIKNIGHT V,SWSH12: SILVER TEMPEST TRAINER GALLERY,TG18/TG30,ULTRA RARE,13.16,0.64,6.76,18
M AGGRON EX,XY - PRIMAL CLASH,94/160,ULTRA RARE,17.89,0.08,7.55,18
CERULEDGE - 197/191,SV08: SURGING SPARKS,197/191,ILLUSTRATION RARE,20.56,0.35,7.85,17
SLOWPOKE (MASTER BALL PATTERN),SV: PRISMATIC EVOLUTIONS,018/131,COMMON,4.18,0.32,5.02,17
TYRANITAR EX - 211/197,SV03: OBSIDIAN FLAMES,211/197,ULTRA RARE,5.36,0.46,5.19,17
MARNIE'S PRIDE (FULL ART),SWSH09: BRILLIANT STARS,171/172,ULTRA RARE,11.28,0.51,6.09,17
GLACEON VMAX (SECRET),SWSH07: EVOLVING SKIES,208/203,SECRET RARE,35.24,0.74,10,17
GIOVANNI'S SCHEME (FULL ART),XY - BREAKTHROUGH,162/162,ULTRA RARE,21.66,0.11,7.74,17
LOUDRED - 212/182,SV04: PARADOX RIFT,212/182,ILLUSTRATION RARE,15.02,0.42,6.62,17
BLISSEY V,SWSH12: SILVER TEMPEST TRAINER GALLERY,TG22/TG30,ULTRA RARE,20.31,0.66,7.39,16
CERULEDGE EX,SV: PRISMATIC EVOLUTIONS,147/131,SPECIAL ILLUSTRATION RARE,99.73,0.41,20.33,16
SWABLU - 213/182,SV04: PARADOX RIFT,213/182,ILLUSTRATION RARE,26.59,0.38,8.15,16
GALARIAN MOLTRES V (SECRET),SWSH09: BRILLIANT STARS,183/172,SECRET RARE,16.2,0.53,6.5,16
ORIGIN FORME DIALGA VSTAR (SECRET),SWSH: CROWN ZENITH: GALARIAN GALLERY,GG68/GG70,SECRET RARE,124,0.57,23.13,16
MANTYKE - 189/182,SV04: PARADOX RIFT,189/182,ILLUSTRATION RARE,37.67,0.4,9.28,15
ARCEUS V (FULL ART),SWSH09: BRILLIANT STARS,165/172,ULTRA RARE,8.81,0.57,4.98,15
FLYGON EX - 222/191,SV08: SURGING SPARKS,222/191,ULTRA RARE,2.82,0.5,4.1,15
SKELEDIRGE EX - 272/193,SV02: PALDEA EVOLVED,272/193,HYPER RARE,5.3,0.58,4.44,15
LYCANROC VMAX (SECRET),SWSH07: EVOLVING SKIES,213/203,SECRET RARE,9.53,0.77,5.05,15
SERPERIOR V,SWSH12: SILVER TEMPEST TRAINER GALLERY,TG13/TG30,ULTRA RARE,20.3,0.63,6.49,14
ESPEON V (FULL ART),SWSH07: EVOLVING SKIES,179/203,ULTRA RARE,21.93,0.58,6.68,14
M ALTARIA EX,XY - FATES COLLIDE,69/124,ULTRA RARE,9.03,0.31,4.67,14
M SLOWBRO EX,XY - EVOLUTIONS,27/108,ULTRA RARE,9.77,0.31,4.73,14
MILOTIC EX - 237/191,SV08: SURGING SPARKS,237/191,SPECIAL ILLUSTRATION RARE,129.04,0.38,20.89,14
WALKING WAKE EX - 205/162,SV05: TEMPORAL FORCES,205/162,SPECIAL ILLUSTRATION RARE,54.87,0.48,10.82,14
CORVIKNIGHT VMAX,SWSH12: SILVER TEMPEST TRAINER GALLERY,TG19/TG30,ULTRA RARE,8.85,0.76,4.57,13
SHIFTRY - 163/162,SV05: TEMPORAL FORCES,163/162,ILLUSTRATION RARE,10.64,0.53,4.8,13
IONO - 269/193,SV02: PALDEA EVOLVED,269/193,SPECIAL ILLUSTRATION RARE,61.34,0.47,11.61,13
GLACEON VMAX,SWSH07: EVOLVING SKIES,041/203,ULTRA RARE,7.65,0.61,4.36,13
FLAREON VMAX,SWSH07: EVOLVING SKIES,018/203,ULTRA RARE,12.07,0.61,4.93,13
CROCALOR - 202/193,SV02: PALDEA EVOLVED,202/193,ILLUSTRATION RARE,21.31,0.21,6.1,13
GLACEON VSTAR,SWSH: CROWN ZENITH: GALARIAN GALLERY,GG40/GG70,ULTRA RARE,68.74,0.58,12.3,13
LANCE (FULL ART),SWSH12: SILVER TEMPEST,192/195,ULTRA RARE,4.67,0.55,3.8,13
PALDEAN TAUROS - 218/193,SV02: PALDEA EVOLVED,218/193,ILLUSTRATION RARE,14.79,0.22,4.98,13
CHIEN-PAO EX - 261/193,SV02: PALDEA EVOLVED,261/193,SPECIAL ILLUSTRATION RARE,26.62,0.54,6.38,12
GARCHOMP EX - 260/182,SV04: PARADOX RIFT,260/182,HYPER RARE,13.78,0.37,4.73,12
MAGBY - 186/182,SV04: PARADOX RIFT,186/182,ILLUSTRATION RARE,18.43,0.38,5.19,12
POKEMON RANGER (FULL ART),XY - STEAM SIEGE,113/114,ULTRA RARE,7.5,0.31,3.84,12
PRIMAL KYOGRE EX (ALPHA),XY - PRIMAL CLASH,55/160,ULTRA RARE,58.91,0.04,9.79,12
ARCTIBAX - 209/193,SV02: PALDEA EVOLVED,209/193,ILLUSTRATION RARE,15.57,0.21,4.72,12
SUPER ROD - 276/193,SV02: PALDEA EVOLVED,276/193,HYPER RARE,4.4,0.41,3.17,11
ETERNATUS VMAX (SECRET),SWSH03: DARKNESS ABLAZE,192/189,SECRET RARE,10.8,0.81,3.79,11
ZERAORA V,SWSH12: SILVER TEMPEST TRAINER GALLERY,TG16/TG30,ULTRA RARE,10.81,0.73,3.78,11
UNOWN V (ALTERNATE FULL ART),SWSH12: SILVER TEMPEST,177/195,ULTRA RARE,26.15,0.49,5.34,10
GHOLDENGO EX - 231/182,SV04: PARADOX RIFT,231/182,ULTRA RARE,3.61,0.51,2.96,10
FLAREON V (FULL ART),SWSH07: EVOLVING SKIES,169/203,ULTRA RARE,18.29,0.53,4.43,10
MEOWSCARADA EX - 256/193,SV02: PALDEA EVOLVED,256/193,SPECIAL ILLUSTRATION RARE,33.05,0.51,5.93,10
GOLURK V (ALTERNATE FULL ART),SWSH07: EVOLVING SKIES,182/203,ULTRA RARE,29.66,0.52,5.47,10
ALOLAN VULPIX VSTAR (SECRET),SWSH12: SILVER TEMPEST,197/195,SECRET RARE,22.94,0.52,4.71,10
M VENUSAUR EX,XY - EVOLUTIONS,2/108,ULTRA RARE,13.57,0.34,3.65,9
M SCIZOR EX,XY - BREAKPOINT,77/122,ULTRA RARE,18.93,0.12,4.05,9
M GALLADE EX,XY - ROARING SKIES,35/108,ULTRA RARE,15.13,0.09,3.69,9
UNOWN VSTAR (SECRET),SWSH12: SILVER TEMPEST,199/195,SECRET RARE,9.57,0.53,3.01,9
CRYSTAL CAVE (SECRET),SWSH07: EVOLVING SKIES,230/203,SECRET RARE,4.61,0.54,2.52,9
GLACEON V (ALTERNATE FULL ART),SWSH07: EVOLVING SKIES,175/203,ULTRA RARE,139.54,0.49,13.95,8
PIDGEOT EX - 225/197,SV03: OBSIDIAN FLAMES,225/197,SPECIAL ILLUSTRATION RARE,20.99,0.28,3.77,8
HISUIAN SAMUROTT VSTAR,SWSH: CROWN ZENITH: GALARIAN GALLERY,GG52/GG70,ULTRA RARE,11.04,0.62,2.9,8
SERPERIOR VSTAR (SECRET) (210),SWSH12: SILVER TEMPEST,210/195,SECRET RARE,5.8,0.63,2.48,8
MARILL - 204/193,SV02: PALDEA EVOLVED,204/193,ILLUSTRATION RARE,54.8,0.18,6.39,8
SQUAWKABILLY EX - 264/193,SV02: PALDEA EVOLVED,264/193,SPECIAL ILLUSTRATION RARE,9.73,0.43,2.77,8
BLOODMOON URSALUNA EX - 216/167,SV06: TWILIGHT MASQUERADE,216/167,SPECIAL ILLUSTRATION RARE,42.46,0.47,5.36,8
NESSA,SWSH11: LOST ORIGIN TRAINER GALLERY,TG27/TG30,ULTRA RARE,10.72,0.5,2.83,8
CLOBBOPUS - 207/191,SV08: SURGING SPARKS,207/191,ILLUSTRATION RARE,6.32,0.31,2.45,8
SKARMORY - 209/191,SV08: SURGING SPARKS,209/191,ILLUSTRATION RARE,10.44,0.32,2.52,7
MEDICHAM V (ALTERNATE FULL ART),SWSH07: EVOLVING SKIES,186/203,ULTRA RARE,20.25,0.61,3.07,7
REGIELEKI VMAX (SECRET),SWSH12: SILVER TEMPEST,198/195,SECRET RARE,7.96,0.73,2.21,7
QUAQUAVAL EX - 260/193,SV02: PALDEA EVOLVED,260/193,SPECIAL ILLUSTRATION RARE,14.55,0.54,2.64,7
GREEDENT V (ALTERNATE FULL ART),SWSH08: FUSION STRIKE,257/264,ULTRA RARE,14.42,0.53,2.63,7
M BLASTOISE EX,GENERATIONS,18/83,ULTRA RARE,27.13,0.12,3.46,7
ZINNIA'S RESOLVE (FULL ART),SWSH07: EVOLVING SKIES,203/203,ULTRA RARE,5.5,0.55,1.98,6
BIANCA'S DEVOTION - 209/162,SV05: TEMPORAL FORCES,209/162,SPECIAL ILLUSTRATION RARE,22.46,0.47,3.01,6
PIKACHU VMAX (SECRET),SWSH04: VIVID VOLTAGE,188/185,SECRET RARE,195.92,0.59,13.88,6
FRIENDS IN SINNOH (FULL ART),SWSH: CROWN ZENITH,149/159,ULTRA RARE,8.33,0.58,2.09,6
PHANPY - 205/191,SV08: SURGING SPARKS,205/191,ILLUSTRATION RARE,8.03,0.38,2.07,6
SKELEDIRGE EX - 258/193,SV02: PALDEA EVOLVED,258/193,SPECIAL ILLUSTRATION RARE,34.27,0.56,3.57,6
RIKA - 258/182,SV04: PARADOX RIFT,258/182,SPECIAL ILLUSTRATION RARE,7.55,0.36,1.95,6
EXEGGCUTE - 192/191,SV08: SURGING SPARKS,192/191,ILLUSTRATION RARE,7.39,0.36,1.87,6
MISMAGIUS - 212/193,SV02: PALDEA EVOLVED,212/193,ILLUSTRATION RARE,45.94,0.22,3.84,5
GOLISOPOD EX - 246/182,SV04: PARADOX RIFT,246/182,SPECIAL ILLUSTRATION RARE,25.37,0.29,2.69,5
GARCHOMP EX - 219/182,SV04: PARADOX RIFT,219/182,ULTRA RARE,6.56,0.41,1.68,5
LYSANDRE (104 FULL ART),XY - FLASHFIRE,104/106,ULTRA RARE,32.16,0.1,2.89,5
GALARIAN ARTICUNO V (SECRET),SWSH09: BRILLIANT STARS,181/172,SECRET RARE,14.2,0.53,1.97,5
ARCEUS VSTAR (SECRET) (184),SWSH09: BRILLIANT STARS,184/172,SECRET RARE,18.16,0.57,2.17,5
BAXCALIBUR - 210/193,SV02: PALDEA EVOLVED,210/193,ILLUSTRATION RARE,29.62,0.2,2.73,5
SNOM - 168/162,SV05: TEMPORAL FORCES,168/162,ILLUSTRATION RARE,14.31,0.44,1.89,5
SHAYMIN VSTAR (SECRET),SWSH09: BRILLIANT STARS,173/172,SECRET RARE,6.67,0.53,1.52,5
PALDEAN WOOPER - 221/193,SV02: PALDEA EVOLVED,221/193,ILLUSTRATION RARE,13.23,0.2,1.83,5
CINCCINO - 183/162,SV05: TEMPORAL FORCES,183/162,ILLUSTRATION RARE,32.66,0.51,2.63,5
ROTOM V (ALTERNATE FULL ART),SWSH11: LOST ORIGIN,177/196,ULTRA RARE,29.63,0.46,2.33,4
SPHEAL - 199/191,SV08: SURGING SPARKS,199/191,ILLUSTRATION RARE,9.44,0.35,1.45,4
HISUIAN SAMUROTT V,SWSH: CROWN ZENITH: GALARIAN GALLERY,GG51/GG70,ULTRA RARE,17.2,0.66,1.71,4
HISUIAN GOODRA VSTAR (SECRET),SWSH11: LOST ORIGIN,202/196,SECRET RARE,7.78,0.51,1.32,4
ZINNIA'S RESOLVE (SECRET),SWSH07: EVOLVING SKIES,225/203,SECRET RARE,5.58,0.57,1.21,4
LICKITUNG - 180/162,SV05: TEMPORAL FORCES,180/162,ILLUSTRATION RARE,24.07,0.46,1.91,4
GRUSHA - 268/193,SV02: PALDEA EVOLVED,268/193,SPECIAL ILLUSTRATION RARE,17.14,0.43,1.58,4
LITTEN - 167/162,SV05: TEMPORAL FORCES,167/162,ILLUSTRATION RARE,38.27,0.41,2.37,4
AMPHAROS V (FULL ART),SWSH04: VIVID VOLTAGE,171/185,ULTRA RARE,5.95,0.56,1.14,4
CENTISKORCH VMAX,SWSH11: LOST ORIGIN TRAINER GALLERY,TG15/TG30,ULTRA RARE,7.62,0.7,1.16,4
SUNFLORA - 169/167,SV06: TWILIGHT MASQUERADE,169/167,ILLUSTRATION RARE,7.17,0.5,1.1,3
CYNTHIA'S AMBITION (FULL ART),SWSH09: BRILLIANT STARS,169/172,ULTRA RARE,13.31,0.49,1.31,3
GLACEON V (FULL ART),SWSH07: EVOLVING SKIES,174/203,ULTRA RARE,24.8,0.45,1.67,3
IRIDA,SWSH: CROWN ZENITH: GALARIAN GALLERY,GG63/GG70,ULTRA RARE,7.49,0.55,1.03,3
ALOLAN VULPIX V (FULL ART),SWSH12: SILVER TEMPEST,173/195,ULTRA RARE,10.02,0.54,1.05,3
HEARTHFLAME MASK OGERPON EX - 212/167,SV06: TWILIGHT MASQUERADE,212/167,SPECIAL ILLUSTRATION RARE,11.91,0.59,1.08,3
IRON JUGULIS - 216/182,SV04: PARADOX RIFT,216/182,ILLUSTRATION RARE,10.05,0.48,0.93,3
HOUNDOUR - 204/197,SV03: OBSIDIAN FLAMES,204/197,ILLUSTRATION RARE,11.07,0.26,0.95,3
CHATOT - 181/162,SV05: TEMPORAL FORCES,181/162,ILLUSTRATION RARE,9.86,0.45,0.88,3
DURALUDON VMAX,SWSH12: SILVER TEMPEST TRAINER GALLERY,TG21/TG30,ULTRA RARE,10.72,0.74,0.89,3
IRON HANDS EX - 248/182,SV04: PARADOX RIFT,248/182,SPECIAL ILLUSTRATION RARE,11.54,0.37,0.84,2
ROARING MOON EX - 262/182,SV04: PARADOX RIFT,262/182,HYPER RARE,6.96,0.43,0.64,2
RAIKOU V,SWSH09: BRILLIANT STARS,048/172,ULTRA RARE,1.63,0.41,0.52,2
IRON LEAVES EX - 203/162,SV05: TEMPORAL FORCES,203/162,SPECIAL ILLUSTRATION RARE,29.46,0.47,0.81,1
ARCEUS VSTAR,SWSH09: BRILLIANT STARS,123/172,ULTRA RARE,5.55,0.53,0.36,1
SINISTCHA EX - 210/167,SV06: TWILIGHT MASQUERADE,210/167,SPECIAL ILLUSTRATION RARE,25.09,0.5,0.53,1
ESPATHRA - 197/182,SV04: PARADOX RIFT,197/182,ILLUSTRATION RARE,6.72,0.48,0.3,1
TINKATON EX - 262/193,SV02: PALDEA EVOLVED,262/193,SPECIAL ILLUSTRATION RARE,57.48,0.43,0.77,1
REUNICLUS - 171/162,SV05: TEMPORAL FORCES,171/162,ILLUSTRATION RARE,12.46,0.46,0.34,1
PALKIA EX,XY - BREAKPOINT,31/122,ULTRA RARE,6.49,0.16,0.27,1
LEAFEON V (ALTERNATE FULL ART),SWSH07: EVOLVING SKIES,167/203,ULTRA RARE,130.93,0.54,0.94,1
TROPIUS - 195/193,SV02: PALDEA EVOLVED,195/193,ILLUSTRATION RARE,11.45,0.22,0.18,1
IRON VALIANT EX - 261/182,SV04: PARADOX RIFT,261/182,HYPER RARE,4.65,0.39,0.13,0
TAPU KOKO EX - 247/182,SV04: PARADOX RIFT,247/182,SPECIAL ILLUSTRATION RARE,21.91,0.38,0.17,0
PYROAR - 200/193,SV02: PALDEA EVOLVED,200/193,ILLUSTRATION RARE,11.9,0.22,0.07,0
SALVATORE - 212/162,SV05: TEMPORAL FORCES,212/162,SPECIAL ILLUSTRATION RARE,15.18,0.46,,0
GREEDENT VMAX (SECRET),SWSH08: FUSION STRIKE,272/264,SECRET RARE,7.89,0.64,,0
ROARING MOON EX - 229/182,SV04: PARADOX RIFT,229/182,ULTRA RARE,3.49,0.47,,0
ALOLAN EXEGGUTOR EX - 242/191,SV08: SURGING SPARKS,242/191,SPECIAL ILLUSTRATION RARE,30.8,0.39,,1
POKEMON CENTER LADY (FULL ART),SWSH04: VIVID VOLTAGE,185/185,ULTRA RARE,19.57,0.46,,1
LEAFEON V (FULL ART),SWSH07: EVOLVING SKIES,166/203,ULTRA RARE,20.74,0.42,,1
FERROTHORN - 209/182,SV04: PARADOX RIFT,209/182,ILLUSTRATION RARE,5.22,0.46,,1
SYLVEON V (FULL ART),SWSH07: EVOLVING SKIES,183/203,ULTRA RARE,35.68,0.49,,1
FLORAGATO - 197/193,SV02: PALDEA EVOLVED,197/193,ILLUSTRATION RARE,20.09,0.21,,1
RILLABOOM (SECRET),SWSH03: DARKNESS ABLAZE,197/189,SECRET RARE,6.93,0.69,,1
APPLIN - 185/167,SV06: TWILIGHT MASQUERADE,185/167,ILLUSTRATION RARE,10.21,0.48,,1
CHARIZARD EX (12),XY - FLASHFIRE,12/106,ULTRA RARE,16.86,0.07,,1
MINUN - 194/182,SV04: PARADOX RIFT,194/182,ILLUSTRATION RARE,45.24,0.4,,2
WO-CHIEN EX - 257/193,SV02: PALDEA EVOLVED,257/193,SPECIAL ILLUSTRATION RARE,15.17,0.52,,2
TAPU LELE GX,CELEBRATIONS: CLASSIC COLLECTION,60/145,CLASSIC COLLECTION,4.92,0.63,,2
AIPOM - 211/182,SV04: PARADOX RIFT,211/182,ILLUSTRATION RARE,29.31,0.5,,2
SHAYMIN EX (106 FULL ART),XY - ROARING SKIES,106/108,ULTRA RARE,23.16,0.09,,2
WELLSPRING MASK OGERPON EX - 152/131,SV: PRISMATIC EVOLUTIONS,152/131,SPECIAL ILLUSTRATION RARE,16.65,0.39,,3
IRON HANDS EX - 223/182,SV04: PARADOX RIFT,223/182,ULTRA RARE,2.32,0.45,,3
CYNTHIA'S AMBITION (SECRET),SWSH09: BRILLIANT STARS,178/172,SECRET RARE,5.83,0.51,,3
ALOLAN EXEGGUTOR EX - 248/191,SV08: SURGING SPARKS,248/191,HYPER RARE,10.53,0.42,,3
BRAVIARY - 214/191,SV08: SURGING SPARKS,214/191,ILLUSTRATION RARE,4.51,0.35,,3
IRON CROWN EX,SV: PRISMATIC EVOLUTIONS,158/131,SPECIAL ILLUSTRATION RARE,39.99,0.41,,3
IRON VALIANT EX,SV: PRISMATIC EVOLUTIONS,157/131,SPECIAL ILLUSTRATION RARE,47.94,0.44,,4
MINCCINO - 182/162,SV05: TEMPORAL FORCES,182/162,ILLUSTRATION RARE,22.17,0.43,,4
CYNTHIA'S AMBITION,SWSH: CROWN ZENITH: GALARIAN GALLERY,GG60/GG70,ULTRA RARE,22.39,0.46,,4
TINKATON EX - 240/193,SV02: PALDEA EVOLVED,240/193,ULTRA RARE,8.91,0.38,,4
ESPEON (MASTER BALL PATTERN),SV: PRISMATIC EVOLUTIONS,033/131,RARE,31.7,0.23,,4
TREVENANT VMAX (SECRET),SWSH07: EVOLVING SKIES,206/203,SECRET RARE,7.33,0.64,,4
GALARIAN PERRSERKER V (ALTERNATE FULL ART),SWSH11: LOST ORIGIN,184/196,ULTRA RARE,18.96,0.5,,4
IRON CROWN EX - 216/162,SV05: TEMPORAL FORCES,216/162,HYPER RARE,8.1,0.53,,4
KYUREM VMAX (SECRET),SWSH11: LOST ORIGIN,197/196,SECRET RARE,9.32,0.63,,4
CHIEN-PAO EX - 274/193,SV02: PALDEA EVOLVED,274/193,HYPER RARE,5.99,0.51,,4
ACEROLA'S PREMONITION,SWSH09: BRILLIANT STARS TRAINER GALLERY,TG24/TG30,ULTRA RARE,8.42,0.51,,5
SERENA (SECRET),SWSH12: SILVER TEMPEST,207/195,SECRET RARE,16.42,0.4,,5
MINIOR - 201/182,SV04: PARADOX RIFT,201/182,ILLUSTRATION RARE,23.7,0.41,,5
DEERLING - 165/162,SV05: TEMPORAL FORCES,165/162,ILLUSTRATION RARE,48.86,0.34,,5
CHARJABUG - 169/162,SV05: TEMPORAL FORCES,169/162,ILLUSTRATION RARE,6.46,0.41,,5
GYARADOS,XY - EVOLUTIONS,34/108,HOLO RARE,8.63,0.06,,5
AERODACTYL V (ALTERNATE FULL ART),SWSH11: LOST ORIGIN,180/196,ULTRA RARE,200.64,0.45,,6
LANA'S AID - 219/167,SV06: TWILIGHT MASQUERADE,219/167,SPECIAL ILLUSTRATION RARE,36.62,0.53,,6
QUAQUAVAL EX - 273/193,SV02: PALDEA EVOLVED,273/193,HYPER RARE,5.24,0.5,,6
DRACOZOLT VMAX (SECRET),SWSH07: EVOLVING SKIES,210/203,SECRET RARE,8.18,0.67,,6
GARDENIA'S VIGOR,SWSH: CROWN ZENITH: GALARIAN GALLERY,GG61/GG70,ULTRA RARE,12.99,0.51,,6
DIALGA EX,XY - PHANTOM FORCES,62/119,ULTRA RARE,10.44,0.1,,6
CENTISKORCH VMAX (SECRET),SWSH03: DARKNESS ABLAZE,191/189,SECRET RARE,7.12,0.76,,6
FROSLASS (SECRET),SWSH07: EVOLVING SKIES,226/203,SECRET RARE,9.77,0.54,,7
QUAXLY - 206/193,SV02: PALDEA EVOLVED,206/193,ILLUSTRATION RARE,15.3,0.18,,7
SKUNTANK V (ALTERNATE FULL ART),SWSH12: SILVER TEMPEST,181/195,ULTRA RARE,10.5,0.67,,7
MELONY,SWSH: CROWN ZENITH: GALARIAN GALLERY,GG64/GG70,ULTRA RARE,7.25,0.58,,7
DURALUDON VMAX (SECRET),SWSH07: EVOLVING SKIES,219/203,SECRET RARE,7.21,0.72,,7
SNORUNT - 188/182,SV04: PARADOX RIFT,188/182,ILLUSTRATION RARE,9.29,0.42,,7
PARASOL LADY - 255/182,SV04: PARADOX RIFT,255/182,SPECIAL ILLUSTRATION RARE,17.13,0.36,,7
SAGUARO - 270/193,SV02: PALDEA EVOLVED,270/193,SPECIAL ILLUSTRATION RARE,15.8,0.46,,8
NINETALES -199/197,SV03: OBSIDIAN FLAMES,199/197,ILLUSTRATION RARE,51.21,0.24,,8
PIKACHU (SECRET),SWSH: CROWN ZENITH,160/159,SECRET RARE,52.34,0.15,,8
PROFESSOR SADA'S VITALITY - 256/182,SV04: PARADOX RIFT,256/182,SPECIAL ILLUSTRATION RARE,7.74,0.38,,8
KECLEON - 213/191,SV08: SURGING SPARKS,213/191,ILLUSTRATION RARE,6.69,0.34,,8
ELESA'S SPARKLE (SECRET),SWSH08: FUSION STRIKE,275/264,SECRET RARE,5.93,0.45,,8
BLOODMOON URSALUNA EX - 202/167,SV06: TWILIGHT MASQUERADE,202/167,ULTRA RARE,3.12,0.56,,8
SANDY SHOCKS EX - 159/131,SV: PRISMATIC EVOLUTIONS,159/131,SPECIAL ILLUSTRATION RARE,25.14,0.4,,8
ESPEON V (ALTERNATE FULL ART),SWSH07: EVOLVING SKIES,180/203,ULTRA RARE,222.7,0.5,,8
IRON BOULDER EX - 207/162,SV05: TEMPORAL FORCES,207/162,SPECIAL ILLUSTRATION RARE,18.54,0.47,,9
ALOLAN EXEGGUTOR EX - 225/191,SV08: SURGING SPARKS,225/191,ULTRA RARE,2.46,0.47,,9
COLRESS'S EXPERIMENT,SWSH: CROWN ZENITH: GALARIAN GALLERY,GG59/GG70,ULTRA RARE,2.92,0.59,,9
BOLTUND V,SWSH09: BRILLIANT STARS TRAINER GALLERY,TG13/TG30,ULTRA RARE,13.58,0.6,,9
ROOKIDEE - 225/193,SV02: PALDEA EVOLVED,225/193,ILLUSTRATION RARE,10.22,0.26,,9
HYDREIGON EX - 240/191,SV08: SURGING SPARKS,240/191,SPECIAL ILLUSTRATION RARE,40.94,0.39,,9
INTELEON (SECRET),SWSH07: EVOLVING SKIES,227/203,SECRET RARE,8.71,0.49,,9
PHIONE - 175/167,SV06: TWILIGHT MASQUERADE,175/167,ILLUSTRATION RARE,10.73,0.44,,9
MAWILE VSTAR (SECRET),SWSH12: SILVER TEMPEST,200/195,SECRET RARE,7.26,0.52,,10
CHILI & CILAN & CRESS (SECRET),SWSH08: FUSION STRIKE,273/264,SECRET RARE,3.8,0.45,,10
GARBODOR VMAX (SECRET),SWSH07: EVOLVING SKIES,216/203,SECRET RARE,8.45,0.69,,10
LATIAS EX - 220/191,SV08: SURGING SPARKS,220/191,ULTRA RARE,7.14,0.41,,11
TEAL MASK OGERPON EX - 221/167,SV06: TWILIGHT MASQUERADE,221/167,HYPER RARE,10.79,0.49,,11
EISCUE EX - 222/197,SV03: OBSIDIAN FLAMES,222/197,SPECIAL ILLUSTRATION RARE,5.6,0.33,,11
SERPERIOR VSTAR (SECRET),SWSH12: SILVER TEMPEST,196/195,SECRET RARE,7.21,0.54,,11
SANDACONDA V (ALTERNATE FULL ART),SWSH08: FUSION STRIKE,252/264,ULTRA RARE,6.07,0.48,,11
SLITHER WING - 203/182,SV04: PARADOX RIFT,203/182,ILLUSTRATION RARE,5.23,0.44,,11
BOLTUND VMAX (SECRET),SWSH08: FUSION STRIKE,267/264,SECRET RARE,7.37,0.52,,11
CASTFORM SUNNY FORM - 195/191,SV08: SURGING SPARKS,195/191,ILLUSTRATION RARE,7.29,0.34,,11
ROXANNE,SWSH: CROWN ZENITH: GALARIAN GALLERY,GG66/GG70,ULTRA RARE,5.06,0.52,,11
WHIMSICOTT VSTAR (SECRET),SWSH09: BRILLIANT STARS,175/172,SECRET RARE,6.12,0.53,,12
APPLETUN - 211/191,SV08: SURGING SPARKS,211/191,ILLUSTRATION RARE,7.29,0.37,,12
NESSA (FULL ART),SWSH04: VIVID VOLTAGE,183/185,ULTRA RARE,9.11,0.49,,12
DUDUNSPARCE - 229/193,SV02: PALDEA EVOLVED,229/193,ILLUSTRATION RARE,7.67,0.25,,12
WELLSPRING MASK OGERPON EX - 213/167,SV06: TWILIGHT MASQUERADE,213/167,SPECIAL ILLUSTRATION RARE,18.86,0.5,,12
BEA (FULL ART),SWSH04: VIVID VOLTAGE,180/185,ULTRA RARE,6.63,0.44,,12
VELUZA - 192/182,SV04: PARADOX RIFT,192/182,ILLUSTRATION RARE,8.91,0.4,,12
MEW,XY - EVOLUTIONS,53/108,HOLO RARE,23.86,0.04,,13
MELA - 254/182,SV04: PARADOX RIFT,254/182,SPECIAL ILLUSTRATION RARE,7.66,0.39,,13
CANDICE (FULL ART),SWSH12: SILVER TEMPEST,189/195,ULTRA RARE,6.81,0.52,,13
TINKATUFF - 217/193,SV02: PALDEA EVOLVED,217/193,ILLUSTRATION RARE,36.16,0.22,,13
GRAFAIAI - 223/193,SV02: PALDEA EVOLVED,223/193,ILLUSTRATION RARE,7.83,0.23,,13
IRON MOTH - 187/182,SV04: PARADOX RIFT,187/182,ILLUSTRATION RARE,7.38,0.44,,13
MIENSHAO - 200/182,SV04: PARADOX RIFT,200/182,ILLUSTRATION RARE,7.25,0.41,,14
DURANT EX - 236/191,SV08: SURGING SPARKS,236/191,SPECIAL ILLUSTRATION RARE,28.86,0.41,,14
MUDSDALE - 175/162,SV05: TEMPORAL FORCES,175/162,ILLUSTRATION RARE,8.14,0.29,,14
HYDREIGON EX - 223/191,SV08: SURGING SPARKS,223/191,ULTRA RARE,4.95,0.47,,14
ETERNATUS VMAX,SWSH03: DARKNESS ABLAZE,117/189,ULTRA RARE,4.25,0.76,,14
INTELEON VMAX (ALTERNATE ART SECRET),SWSH08: FUSION STRIKE,266/264,SECRET RARE,30.12,0.68,,14
BLACK KYUREM EX - 218/191,SV08: SURGING SPARKS,218/191,ULTRA RARE,2.71,0.41,,14
BEA (SECRET),SWSH04: VIVID VOLTAGE,193/185,SECRET RARE,7.06,0.4,,14
HISUIAN ZOROARK VSTAR (213) (SECRET),SWSH11: LOST ORIGIN,213/196,SECRET RARE,6.3,0.49,,14
HONCHKROW V (ALTERNATE FULL ART),SWSH09: BRILLIANT STARS,162/172,ULTRA RARE,12.06,0.53,,14
IONO - 254/193,SV02: PALDEA EVOLVED,254/193,ULTRA RARE,11.51,0.44,,14
DIALGA EX (122 SECRET RARE),XY - PHANTOM FORCES,122/119,SECRET RARE,958.32,0.02,,15
DENDRA - 266/193,SV02: PALDEA EVOLVED,266/193,SPECIAL ILLUSTRATION RARE,9.95,0.45,,15
LUMINEON V (ALTERNATE FULL ART),SWSH09: BRILLIANT STARS,156/172,ULTRA RARE,15.65,0.46,,15
VOLCARONA V (FULL ART),SWSH07: EVOLVING SKIES,170/203,ULTRA RARE,5.3,0.63,,16
HEARTHFLAME MASK OGERPON EX - 148/131,SV: PRISMATIC EVOLUTIONS,148/131,SPECIAL ILLUSTRATION RARE,19.57,0.36,,16
CARMINE - 217/167,SV06: TWILIGHT MASQUERADE,217/167,SPECIAL ILLUSTRATION RARE,77.37,0.51,,16
MEOWSCARADA EX - 271/193,SV02: PALDEA EVOLVED,271/193,HYPER RARE,7.91,0.47,,16
______'S PIKACHU,CELEBRATIONS: CLASSIC COLLECTION,24/53,CLASSIC COLLECTION,39.68,0.15,,16
ZAPDOS,XY - EVOLUTIONS,42/108,HOLO RARE,4.61,0.1,,16
NESSA (SECRET),SWSH04: VIVID VOLTAGE,196/185,SECRET RARE,12.1,0.46,,16
PIDGEOT EX - 217/197,SV03: OBSIDIAN FLAMES,217/197,ULTRA RARE,2.24,0.33,,16
LUMINEON V (FULL ART),SWSH09: BRILLIANT STARS,155/172,ULTRA RARE,2.36,0.52,,17
DIPPLIN - 170/167,SV06: TWILIGHT MASQUERADE,170/167,ILLUSTRATION RARE,11.41,0.47,,17
ORTHWORM - 224/193,SV02: PALDEA EVOLVED,224/193,ILLUSTRATION RARE,5.92,0.17,,17
ROSEANNE'S BACKUP (FULL ART),SWSH09: BRILLIANT STARS,172/172,ULTRA RARE,2.79,0.46,,17
TOEDSCRUEL - 185/182,SV04: PARADOX RIFT,185/182,ILLUSTRATION RARE,6.83,0.37,,17
AROMA LADY (FULL ART),SWSH07: EVOLVING SKIES,199/203,ULTRA RARE,12.81,0.48,,17
KIERAN - 218/167,SV06: TWILIGHT MASQUERADE,218/167,SPECIAL ILLUSTRATION RARE,32.8,0.51,,18
RAYQUAZA VMAX (SECRET),SWSH12: SILVER TEMPEST TRAINER GALLERY,TG29/TG30,SECRET RARE,26.27,0.15,,18
ARCHALUDON EX - 241/191,SV08: SURGING SPARKS,241/191,SPECIAL ILLUSTRATION RARE,12.95,0.43,,18
LIGHTNING ENERGY (SECRET),SWSH07: EVOLVING SKIES,235/203,SECRET RARE,7.33,0.48,,18
REGIDRAGO V (FULL ART),SWSH12: SILVER TEMPEST,183/195,ULTRA RARE,2.4,0.53,,18
WALLY (107 FULL ART),XY - ROARING SKIES,107/108,ULTRA RARE,17.95,0.11,,18
BLOODMOON URSALUNA EX - 222/167,SV06: TWILIGHT MASQUERADE,222/167,HYPER RARE,9.38,0.49,,18
CHARIZARD EX (11),XY - FLASHFIRE,11/106,ULTRA RARE,14.92,0.07,,19
TINKATINK - 216/193,SV02: PALDEA EVOLVED,216/193,ILLUSTRATION RARE,30.64,0.19,,19
VANILLISH - 190/182,SV04: PARADOX RIFT,190/182,ILLUSTRATION RARE,9.77,0.38,,19
EISCUE - 205/193,SV02: PALDEA EVOLVED,205/193,ILLUSTRATION RARE,19.26,0.18,,19
LADY (FULL ART),SWSH11: LOST ORIGIN,193/196,ULTRA RARE,4.33,0.45,,19
GOUGING FIRE EX - 214/162,SV05: TEMPORAL FORCES,214/162,HYPER RARE,11.89,0.5,,20
WALKING WAKE EX - 215/162,SV05: TEMPORAL FORCES,215/162,HYPER RARE,9.01,0.49,,20
LANCE (SECRET),SWSH12: SILVER TEMPEST,206/195,SECRET RARE,4.49,0.42,,20
GALARIAN OBSTAGOON (SECRET),SWSH04: VIVID VOLTAGE,198/185,SECRET RARE,6.25,0.34,,20
TULIP - 259/182,SV04: PARADOX RIFT,259/182,SPECIAL ILLUSTRATION RARE,8.09,0.35,,20
COALOSSAL VMAX (SECRET),SWSH04: VIVID VOLTAGE,189/185,SECRET RARE,6.59,0.55,,20
SHARPEDO EX (152 FULL ART),XY - PRIMAL CLASH,152/160,ULTRA RARE,37.95,0.03,,20
DIANCIE EX,XY - FATES COLLIDE,72/124,ULTRA RARE,4.81,0.25,,21
PERRIN - 220/167,SV06: TWILIGHT MASQUERADE,220/167,SPECIAL ILLUSTRATION RARE,178.15,0.49,,21
SHAUNA (SECRET),SWSH08: FUSION STRIKE,278/264,SECRET RARE,4.91,0.45,,21
POKEMON BREEDER'S NURTURING (SECRET),SWSH03: DARKNESS ABLAZE,195/189,SECRET RARE,4.32,0.69,,21
REGIDRAGO VSTAR,SWSH12: SILVER TEMPEST,136/195,ULTRA RARE,1.39,0.57,,21
GLORIA,SWSH09: BRILLIANT STARS TRAINER GALLERY,TG26/TG30,ULTRA RARE,5.87,0.53,,22
PARASOL LADY - 238/182,SV04: PARADOX RIFT,238/182,ULTRA RARE,5.14,0.46,,22
COPYCAT (SECRET),SWSH07: EVOLVING SKIES,222/203,SECRET RARE,4.61,0.51,,22
LISIA'S APPEAL - 246/191,SV08: SURGING SPARKS,246/191,SPECIAL ILLUSTRATION RARE,32,0.31,,22
GHOLDENGO EX - 139/182,SV04: PARADOX RIFT,139/182,DOUBLE RARE,1.42,0.48,,22
CORNERSTONE MASK OGERPON EX - 215/167,SV06: TWILIGHT MASQUERADE,215/167,SPECIAL ILLUSTRATION RARE,16.29,0.53,,23
FROSLASS - 174/167,SV06: TWILIGHT MASQUERADE,174/167,ILLUSTRATION RARE,10.88,0.49,,23
TRAINERS' MAIL (SECRET),XY - ANCIENT ORIGINS,100/98,SECRET RARE,6.73,0.19,,24
ALLISTER (FULL ART),SWSH04: VIVID VOLTAGE,179/185,ULTRA RARE,5.45,0.5,,24
AEGISLASH VMAX (SECRET),SWSH04: VIVID VOLTAGE,190/185,SECRET RARE,7.91,0.56,,24
HISUIAN ELECTRODE V (FULL ART),SWSH11: LOST ORIGIN,172/196,ULTRA RARE,2.35,0.41,,25
VOLO (SECRET),SWSH11: LOST ORIGIN,211/196,SECRET RARE,4.65,0.53,,25
RAGING BOLT EX - 196/162,SV05: TEMPORAL FORCES,196/162,ULTRA RARE,4.36,0.55,,25
CHEREN'S CARE (SECRET),SWSH09: BRILLIANT STARS,177/172,SECRET RARE,2.65,0.52,,25
ELESA'S SPARKLE (FULL ART),SWSH: CROWN ZENITH,147/159,ULTRA RARE,15.65,0.53,,25
TULIP - 244/182,SV04: PARADOX RIFT,244/182,ULTRA RARE,4.17,0.49,,26
TEAL MASK OGERPON EX - 145/131,SV: PRISMATIC EVOLUTIONS,145/131,SPECIAL ILLUSTRATION RARE,23.03,0.34,,26
SANDY SHOCKS EX - 250/182,SV04: PARADOX RIFT,250/182,SPECIAL ILLUSTRATION RARE,8.23,0.41,,26
ERI - 210/162,SV05: TEMPORAL FORCES,210/162,SPECIAL ILLUSTRATION RARE,15.95,0.15,,26
NACLI - 220/193,SV02: PALDEA EVOLVED,220/193,ILLUSTRATION RARE,6.77,0.21,,26
RAGING BOLT EX - 218/162,SV05: TEMPORAL FORCES,218/162,HYPER RARE,12.92,0.44,,27
COALOSSAL (SECRET),SWSH03: DARKNESS ABLAZE,198/189,SECRET RARE,5.23,0.63,,27
BASIC WATER ENERGY - 279/193,SV02: PALDEA EVOLVED,279/193,HYPER RARE,9.17,0.54,,27
KIERAN - 174/131,SV: PRISMATIC EVOLUTIONS,174/131,SPECIAL ILLUSTRATION RARE,21.3,0.32,,27
GIACOMO - 267/193,SV02: PALDEA EVOLVED,267/193,SPECIAL ILLUSTRATION RARE,5.43,0.4,,27
FRIENDS IN HISUI (FULL ART),SWSH: CROWN ZENITH,148/159,ULTRA RARE,6.58,0.62,,27
LEON (FULL ART),SWSH04: VIVID VOLTAGE,182/185,ULTRA RARE,9.79,0.44,,27
TOGEKISS VMAX (SECRET),SWSH04: VIVID VOLTAGE,191/185,SECRET RARE,12.92,0.59,,27
QUAXWELL - 207/193,SV02: PALDEA EVOLVED,207/193,ILLUSTRATION RARE,9.3,0.19,,28
AROMA LADY (SECRET),SWSH07: EVOLVING SKIES,221/203,SECRET RARE,6.41,0.58,,28
CLEMONT'S QUICK WIT - 243/191,SV08: SURGING SPARKS,243/191,SPECIAL ILLUSTRATION RARE,8.67,0.33,,29
JASMINE'S GAZE - 245/191,SV08: SURGING SPARKS,245/191,SPECIAL ILLUSTRATION RARE,22.36,0.32,,29
WORKER (SECRET),SWSH12: SILVER TEMPEST,209/195,SECRET RARE,4.51,0.49,,29
ORBEETLE VMAX (SECRET),SWSH04: VIVID VOLTAGE,186/185,SECRET RARE,7.08,0.56,,29
ELESA'S SPARKLE (FULL ART),SWSH08: FUSION STRIKE,260/264,ULTRA RARE,4.25,0.44,,30
DRAGAPULT EX - 200/167,SV06: TWILIGHT MASQUERADE,200/167,ULTRA RARE,16.98,0.44,,30
REGIDRAGO VSTAR (SECRET),SWSH12: SILVER TEMPEST,201/195,SECRET RARE,7.5,0.52,,30
PIKACHU VMAX (SECRET),SWSH11: LOST ORIGIN TRAINER GALLERY,TG29/TG30,ULTRA RARE,24.08,0.15,,30
FARIGIRAF - 228/193,SV02: PALDEA EVOLVED,228/193,ILLUSTRATION RARE,13.04,0.18,,30
JOLTEON (MASTER BALL PATTERN),SV: PRISMATIC EVOLUTIONS,029/131,RARE,26.91,0.3,,30
PROFESSOR BIRCH'S OBSERVATIONS (159 FULL ART),XY - PRIMAL CLASH,159/160,ULTRA RARE,12.72,0.06,,30
BRAMBLIN - 198/193,SV02: PALDEA EVOLVED,198/193,ILLUSTRATION RARE,9.45,0.25,,30
MEW VMAX (SECRET),SWSH11: LOST ORIGIN TRAINER GALLERY,TG30/TG30,SECRET RARE,32.07,0.15,,30
SWITCH (163 SECRET RARE),XY - PRIMAL CLASH,163/160,SECRET RARE,20.9,0.03,,30
MAGNEZONE VSTAR (SECRET),SWSH11: LOST ORIGIN,198/196,SECRET RARE,6.28,0.6,,31
DANCER (SECRET),SWSH08: FUSION STRIKE,274/264,SECRET RARE,3.88,0.52,,31
COUNTER CATCHER - 264/182,SV04: PARADOX RIFT,264/182,HYPER RARE,3.04,0.46,,31
MISS FORTUNE SISTERS (SECRET),SWSH11: LOST ORIGIN,209/196,SECRET RARE,4.64,0.47,,31
CANDICE (SECRET),SWSH12: SILVER TEMPEST,204/195,SECRET RARE,5.31,0.44,,31
BUDDY-BUDDY POFFIN,SV06: TWILIGHT MASQUERADE,223/167,HYPER RARE,13.4,0.35,,31
LISIA'S APPEAL - 234/191,SV08: SURGING SPARKS,234/191,ULTRA RARE,3.57,0.27,,31
CERULEDGE EX,SV08: SURGING SPARKS,036/191,DOUBLE RARE,1.88,0.45,,31
CARMINE - 204/167,SV06: TWILIGHT MASQUERADE,204/167,ULTRA RARE,6.73,0.54,,32
IRON LEAVES EX - 213/162,SV05: TEMPORAL FORCES,213/162,HYPER RARE,7.73,0.51,,32
PROFESSOR SADA'S VITALITY - 239/182,SV04: PARADOX RIFT,239/182,ULTRA RARE,2.07,0.55,,32
DRAPION VSTAR (SECRET),SWSH11: LOST ORIGIN,200/196,SECRET RARE,5.94,0.52,,33
TEAL MASK OGERPON EX - 211/167,SV06: TWILIGHT MASQUERADE,211/167,SPECIAL ILLUSTRATION RARE,25.61,0.53,,33
RAIHAN (FULL ART),SWSH07: EVOLVING SKIES,202/203,ULTRA RARE,7.03,0.58,,33
FIRE ENERGY (SECRET),SWSH08: FUSION STRIKE,284/264,SECRET RARE,6.01,0.43,,33
STORMY MOUNTAINS (SECRET),SWSH07: EVOLVING SKIES,232/203,SECRET RARE,3.9,0.54,,33
FURISODE GIRL (SECRET),SWSH12: SILVER TEMPEST,205/195,SECRET RARE,6.3,0.4,,33
LUMINOUS ENERGY,SV06: TWILIGHT MASQUERADE,226/167,HYPER RARE,5.45,0.38,,34
RABSCA - 215/193,SV02: PALDEA EVOLVED,215/193,ILLUSTRATION RARE,6.07,0.23,,34
IRON BOULDER EX - 217/162,SV05: TEMPORAL FORCES,217/162,HYPER RARE,8.67,0.5,,34
GRAVITY MOUNTAIN - 250/191,SV08: SURGING SPARKS,250/191,HYPER RARE,10.88,0.34,,34
CHIEN-PAO EX - 236/193,SV02: PALDEA EVOLVED,236/193,ULTRA RARE,2.86,0.55,,34
SANDYGAST - 214/193,SV02: PALDEA EVOLVED,214/193,ILLUSTRATION RARE,9.5,0.23,,34
GRASS ENERGY (SECRET),SWSH08: FUSION STRIKE,283/264,SECRET RARE,11.58,0.41,,35
DARKNESS ENERGY (SECRET),SWSH07: EVOLVING SKIES,236/203,SECRET RARE,37.52,0.48,,35
CHI-YU EX - 259/193,SV02: PALDEA EVOLVED,259/193,SPECIAL ILLUSTRATION RARE,48.97,0.15,,35
FANTINA (SECRET),SWSH11: LOST ORIGIN,206/196,SECRET RARE,4.03,0.47,,35
WIMPOD - 191/182,SV04: PARADOX RIFT,191/182,ILLUSTRATION RARE,10.47,0.35,,35
GOTHORITA - 213/193,SV02: PALDEA EVOLVED,213/193,ILLUSTRATION RARE,11.81,0.21,,36
WALLACE (FULL ART),SWSH12: SILVER TEMPEST,194/195,ULTRA RARE,5.16,0.6,,36
GALARIAN DARMANITAN VMAX (SECRET),SWSH04: VIVID VOLTAGE,187/185,SECRET RARE,8.33,0.55,,36
SCHOOLGIRL (SECRET),SWSH08: FUSION STRIKE,277/264,SECRET RARE,4.12,0.42,,36
MISS FORTUNE SISTERS (FULL ART),SWSH11: LOST ORIGIN,194/196,ULTRA RARE,3.36,0.49,,37
FLETCHINDER - 199/193,SV02: PALDEA EVOLVED,199/193,ILLUSTRATION RARE,16.91,0.22,,37
BRANDON (SECRET),SWSH12: SILVER TEMPEST,203/195,SECRET RARE,6.72,0.48,,38
AREZU (SECRET),SWSH11: LOST ORIGIN,204/196,SECRET RARE,4.84,0.43,,38
TEAL MASK OGERPON EX - 190/167,SV06: TWILIGHT MASQUERADE,190/167,ULTRA RARE,8.01,0.47,,38
SUPERIOR ENERGY RETRIEVAL - 277/193,SV02: PALDEA EVOLVED,277/193,HYPER RARE,2.69,0.44,,39
ROTOM V (FULL ART),SWSH11: LOST ORIGIN,176/196,ULTRA RARE,2.13,0.45,,39
JOLTIK - 196/182,SV04: PARADOX RIFT,196/182,ILLUSTRATION RARE,24.81,0.36,,39
ENERGY RETRIEVAL,XY - ANCIENT ORIGINS,99/98,SECRET RARE,21.46,0.16,,40
DRAYTON - 244/191,SV08: SURGING SPARKS,244/191,SPECIAL ILLUSTRATION RARE,8,0.32,,40
PROFESSOR TURO'S SCENARIO - 257/182,SV04: PARADOX RIFT,257/182,SPECIAL ILLUSTRATION RARE,5.73,0.42,,40
ROARING MOON EX,SV04: PARADOX RIFT,124/182,DOUBLE RARE,1.11,0.53,,41
ORANGURU (SECRET),SWSH04: VIVID VOLTAGE,199/185,SECRET RARE,4.96,0.31,,41
PROFESSOR TURO'S SCENARIO - 240/182,SV04: PARADOX RIFT,240/182,ULTRA RARE,2.43,0.43,,41
ARCHALUDON EX - 224/191,SV08: SURGING SPARKS,224/191,ULTRA RARE,1.24,0.41,,41
BLOODMOON URSALUNA (MASTER BALL PATTERN),SV: PRISMATIC EVOLUTIONS,054/131,RARE,9.81,0.34,,41
REVERSAL ENERGY - 266/182,SV04: PARADOX RIFT,266/182,HYPER RARE,2.96,0.44,,41
LOST VACUUM (SECRET),SWSH11: LOST ORIGIN,217/196,SECRET RARE,2.04,0.42,,41
BATTLE REPORTER (109 FULL ART),XY - FURIOUS FISTS,109/111,ULTRA RARE,14.28,0.07,,42
LADY (SECRET),SWSH11: LOST ORIGIN,208/196,SECRET RARE,5.16,0.46,,42
M GARDEVOIR EX,XY - PRIMAL CLASH,106/160,ULTRA RARE,24.26,0.06,,43
COLLAPSED STADIUM (SECRET),SWSH11: LOST ORIGIN,215/196,SECRET RARE,2.34,0.42,,43
ULTRA BALL (SECRET),SWSH09: BRILLIANT STARS,186/172,SECRET RARE,21.68,0.4,,43
UMBREON (MASTER BALL PATTERN),SV: PRISMATIC EVOLUTIONS,059/131,RARE,77,0.24,,43
BRANDON (FULL ART),SWSH12: SILVER TEMPEST,188/195,ULTRA RARE,3.7,0.39,,44
CAPTURE ENERGY (SECRET),SWSH03: DARKNESS ABLAZE,201/189,SECRET RARE,3.05,0.61,,44
RAGING BOLT EX - 123/162,SV05: TEMPORAL FORCES,123/162,DOUBLE RARE,1.86,0.5,,45
WALLACE (SECRET),SWSH12: SILVER TEMPEST,208/195,SECRET RARE,4.16,0.4,,45
LEON (SECRET),SWSH04: VIVID VOLTAGE,195/185,SECRET RARE,5.77,0.39,,45
BASIC FIRE ENERGY - 230/197,SV03: OBSIDIAN FLAMES,230/197,HYPER RARE,4.41,0.25,,46
COUNTER GAIN - 249/191,SV08: SURGING SPARKS,249/191,HYPER RARE,3.79,0.34,,46
ENERGY SWITCH (SECRET),SWSH12: SILVER TEMPEST,212/195,SECRET RARE,9.15,0.62,,47
DRAGAPULT EX - 130/167,SV06: TWILIGHT MASQUERADE,130/167,DOUBLE RARE,1.88,0.62,,47
BEAUTY (SECRET),SWSH04: VIVID VOLTAGE,194/185,SECRET RARE,5.96,0.36,,47
GULPIN,GENERATIONS: RADIANT COLLECTION,RC12/RC32,COMMON,7.28,0.13,,49
CIPHERMANIAC'S CODEBREAKING - 198/162,SV05: TEMPORAL FORCES,198/162,ULTRA RARE,7.82,0.41,,50
METAL ENERGY (SECRET),SWSH07: EVOLVING SKIES,237/203,SECRET RARE,12.38,0.52,,51
BOSS'S ORDERS,SWSH11: LOST ORIGIN TRAINER GALLERY,TG24/TG30,ULTRA RARE,10.69,0.52,,52
CRISPIN - 171/131,SV: PRISMATIC EVOLUTIONS,171/131,SPECIAL ILLUSTRATION RARE,47.81,0.31,,52
OPAL (SECRET),SWSH04: VIVID VOLTAGE,197/185,SECRET RARE,4.43,0.4,,53
ALLISTER (SECRET),SWSH04: VIVID VOLTAGE,192/185,SECRET RARE,5.61,0.36,,54
HO-OH EX,XY - BREAKPOINT,92/122,ULTRA RARE,4.8,0.08,,54
THORTON (SECRET),SWSH11: LOST ORIGIN,210/196,SECRET RARE,2.82,0.43,,54
BOSS'S ORDERS - 265/193,SV02: PALDEA EVOLVED,265/193,SPECIAL ILLUSTRATION RARE,20.3,0.39,,55
THORTON (FULL ART),SWSH11: LOST ORIGIN,195/196,ULTRA RARE,1.28,0.43,,55
BOSS'S ORDERS - 248/193,SV02: PALDEA EVOLVED,248/193,ULTRA RARE,12.36,0.45,,55
LYSANDRE'S TRUMP CARD (118 FULL ART),XY - PHANTOM FORCES,118/119,ULTRA RARE,16.12,0.08,,56
NIGHT STRETCHER - 251/191,SV08: SURGING SPARKS,251/191,HYPER RARE,10.69,0.36,,56
JET ENERGY,SV08: SURGING SPARKS,252/191,HYPER RARE,5.72,0.37,,56
IRON HANDS EX - 070/182,SV04: PARADOX RIFT,070/182,DOUBLE RARE,1.34,0.47,,57
DARK PATCH (SECRET),SWSH11: LOST ORIGIN,216/196,SECRET RARE,2.85,0.42,,58
PRECIOUS TROLLEY,SV08: SURGING SPARKS,185/191,ACE SPEC RARE,2.3,0.36,,60
SEISMITOAD EX,XY - FURIOUS FISTS,20/111,ULTRA RARE,5.02,0.13,,61
ENHANCED HAMMER - 224/167,SV06: TWILIGHT MASQUERADE,224/167,HYPER RARE,5.84,0.32,,61
PIDGEOT EX,SV03: OBSIDIAN FLAMES,164/197,DOUBLE RARE,2.08,0.32,,63
SECRET BOX,SV06: TWILIGHT MASQUERADE,163/167,ACE SPEC RARE,8.66,0.59,,71
HERO'S CAPE,SV05: TEMPORAL FORCES,152/162,ACE SPEC RARE,27.65,0.46,,73
